Date,Open,High,Low,Raw_Close,Adj_Close,Volume,Return,LogReturn,Volatility,RSI_14,Turnover,OBV,MFI_14,VWAP
2024-04-15,62.09999847412109,63.790000915527344,61.560001373291016,61.68999862670898,61.68999862670898,2043100,-0.0168924521640003,-0.0170367570515072,2.229999542236328,20.130501238812144,126038836.19422911,0,,61.68999862670898
2024-04-16,62.0,62.9900016784668,61.65800094604492,61.95000076293945,61.95000076293945,1583200,0.0042146562168654,0.0042057994301722,1.332000732421875,20.802330433250148,98079241.20788574,1583200,,61.80351250644317
2024-04-17,61.81999969482422,62.66999816894531,61.5,61.75,61.75,1849700,-0.0032284222837185,-0.0032336448824716,1.1699981689453125,24.62658044759505,114218975.0,-266500,,61.785436888625796
2024-04-18,61.84000015258789,64.11000061035156,61.380001068115234,64.02999877929688,64.02999877929688,2070500,0.0369230571546053,0.0362577289580742,2.729999542236328,37.96860574326392,132574112.47253418,1804000,,62.40126745837793
2024-04-19,63.58000183105469,64.05999755859375,61.98799896240234,62.20000076293945,62.20000076293945,1469200,-0.0285803225245276,-0.0289966924551194,2.0719985961914134,35.81414703935053,91384241.12091064,334800,,62.36846900357817
2024-04-22,62.25,62.7599983215332,61.82500076293945,62.06999969482422,62.06999969482422,1380400,-0.0020900493009751,-0.0020922365021189,0.93499755859375,39.14606330100071,85681427.57873535,-1045600,,62.32883808103953
2024-04-23,62.02999877929688,64.19000244140625,61.85100173950195,63.5,63.5,1505800,0.023038509943718,0.0227771303897236,2.339000701904297,49.05660516643303,95618300.0,460200,,62.477010693611525
2024-04-24,62.84999847412109,64.17500305175781,62.77999877929688,63.540000915527344,63.540000915527344,1055100,0.000629935677596,0.0006297373514012,1.3950042724609304,40.17045629418602,67041054.9659729,1515300,,62.56357093001991
2024-04-25,62.75,63.06700134277344,60.720001220703125,61.83000183105469,61.83000183105469,2938500,-0.0269121665066702,-0.0272809300652294,2.3470001220703125,24.676936222956755,181687460.3805542,-1423200,,62.427960675714644
2024-04-26,61.459999084472656,64.69000244140625,61.31999969482422,64.43000030517578,64.43000030517578,1641200,0.0420507584849403,0.0411906547022813,3.3700027465820312,41.835438820476526,105742516.50085449,218000,,62.61532474306321
2024-04-29,63.4900016784668,66.66999816894531,63.040000915527344,65.91000366210938,65.91000366210938,2163600,0.0229707178321199,0.0227108627398004,3.6299972534179688,51.23498098932804,142602883.92333984,2381600,,62.97716528910811
2024-04-30,65.20999908447266,65.86000061035156,63.75,65.01000213623047,65.01000213623047,2132500,-0.0136550064614289,-0.0137490935504938,2.1100006103515625,53.71846733318304,138633829.55551147,249100,,63.1757208832824
2024-05-01,64.94999694824219,66.8499984741211,64.28500366210938,65.1500015258789,65.1500015258789,1612400,0.0021535053845262,0.0021511899154598,2.5649948120117188,56.83702658116266,105047862.46032715,1861500,,63.311498360468455
2024-05-02,65.0,66.2300033569336,64.69999694824219,65.13999938964844,65.13999938964844,1697500,-0.0001535247274936,-0.0001535365136209,1.5300064086914062,58.49324145529947,110575148.96392822,164000,40.803962056886256,63.43494892453012
2024-05-03,65.43000030517578,65.55999755859375,63.79999923706055,64.6500015258789,64.6500015258789,1725000,-0.0075222270242667,-0.0075506616582297,1.7599983215332031,60.96297060282092,111521252.63214111,-1561000,46.33820845081527,63.5129595371738
2024-05-06,64.69999694824219,65.11000061035156,64.30000305175781,64.69000244140625,64.69000244140625,1200300,0.0006187303106455,0.0006185389759658,0.80999755859375,60.31626936468356,77647409.93041992,-360700,54.68075689190483,63.56329460194329
2024-05-07,64.79000091552734,65.8949966430664,64.45999908447266,65.55999755859375,65.55999755859375,2270200,0.0134486796159192,0.013359048840382,1.43499755859375,63.6559082153557,148834306.45751953,1909500,54.556350967093245,63.71270739018346
2024-05-08,65.2300033569336,66.96499633789062,65.1500015258789,66.43000030517578,66.43000030517578,1910600,0.0132703291485707,0.0131830496347323,1.8149948120117188,59.56938337583039,126921158.58306885,3820100,51.035609720803166,63.87369508099317
2024-05-09,65.5199966430664,67.5,63.48899841308594,64.83000183105469,64.83000183105469,3088600,-0.0240854804571848,-0.0243802788402502,4.011001586914063,60.682375201929474,200233943.6553955,731500,49.960536234231476,63.95727930134442
2024-05-10,63.79999923706055,64.80999755859375,63.02999877929688,63.7400016784668,63.7400016784668,1916200,-0.0168132056424802,-0.0169561521086332,1.779998779296868,56.29239610412196,122138591.21627808,-1184700,44.44411660108879,63.946103270545834
2024-05-13,64.0,64.43499755859375,63.117000579833984,63.13999938964844,63.13999938964844,1510900,-0.0094132769535375,-0.0094578618590046,1.3179969787597656,48.55305249316789,95398225.07781982,-2695600,45.64327527388117,63.91468425692131
2024-05-14,63.61000061035156,65.4010009765625,63.459999084472656,65.0999984741211,65.0999984741211,1627500,0.0310421144032191,0.0305700523123162,1.941001892089844,55.43174614306496,105950247.51663208,-1068100,45.742132590872025,63.962443686721585
2024-05-15,64.83000183105469,65.18000030517578,62.22999954223633,62.43999862670898,62.43999862670898,2812500,-0.040860213667586,-0.0417184521220624,2.950000762939453,51.99215134205819,175612496.137619,-3880600,38.56500499640382,63.86333649345965
2024-05-16,62.0,62.02999877929688,60.56999969482422,61.560001373291016,61.560001373291016,2653900,-0.0140934861110253,-0.0141937423746113,1.4599990844726634,39.44076931692218,163374087.64457703,-6534500,37.36063080369615,63.73003875355997
2024-05-17,61.79999923706055,62.41999816894531,61.0,62.380001068115234,62.380001068115234,1711100,0.0133203326272177,0.013232397023527,1.4199981689453125,36.34956089665767,106738419.82765198,-4823400,43.588105438196315,63.68147718609416
2024-05-20,62.459999084472656,62.81999969482422,61.84999847412109,62.02999877929688,62.02999877929688,1459000,-0.0056108092790214,-0.0056266089965881,0.970001220703132,37.96444257646808,90501768.21899416,-6282400,38.0667595351584,63.63233215829365
2024-05-21,61.79999923706055,62.25,61.13999938964844,61.220001220703125,61.220001220703125,1319700,-0.0130581585447991,-0.0131441658489087,1.1100006103515625,34.94252228456307,80792035.61096191,-7602100,43.72333218472484,63.56910143428886
2024-05-22,61.06999969482422,62.2400016784668,60.91999816894531,61.88999938964844,61.88999938964844,1403700,0.0109441057756585,0.0108846524325137,1.3200035095214844,38.14733032238247,86874992.14324951,-6198400,43.898247491090544,63.523558071821746
2024-05-23,61.27999877929688,61.59999847412109,59.8849983215332,59.93000030517578,59.93000030517578,1733100,-0.0316690758410393,-0.0321813863270954,1.7150001525878835,34.453216409538854,103864683.52890015,-7931500,39.32918681969578,63.40711430318803
2024-05-24,59.810001373291016,60.77999877929688,59.060001373291016,60.45000076293945,60.45000076293945,1269400,0.0086767971819743,0.0086393701195038,1.7199974060058665,36.46231230693567,76735230.96847534,-6662100,31.399751608798397,63.33855798756789
2024-05-28,60.20000076293945,60.25,59.34000015258789,59.86000061035156,59.86000061035156,1705100,-0.0097601347417948,-0.0098080770609313,0.9099998474121094,31.469447444226788,102067287.04071045,-8367200,24.648741260180103,63.233504131549125
2024-05-29,59.22999954223633,60.119998931884766,59.22999954223633,59.720001220703125,59.720001220703125,1050300,-0.0023387802910284,-0.00234151950944,0.8899993896484375,27.098969692803465,62723917.28210449,-9417500,24.848032167443655,63.1693371181486
2024-05-30,59.11000061035156,59.15999984741211,56.720001220703125,58.34999847412109,58.34999847412109,3253600,-0.0229404340016506,-0.0232076605293182,2.4399986267089844,27.53119216447324,189847555.03540036,-12671100,40.90500529605467,62.911283747004
2024-05-31,58.060001373291016,59.400001525878906,57.18999862670898,59.34000015258789,59.34000015258789,5801400,0.0169666101860461,0.0168242848519808,2.210002899169929,34.63686585318425,344255076.8852234,-6869700,40.875531494141356,62.60003148387625
2024-06-03,59.34000015258789,59.869998931884766,56.810001373291016,57.04999923706055,57.04999923706055,1680600,-0.0385911848607818,-0.03935555449918,3.05999755859375,30.980634631307467,95878228.71780396,-8550300,34.715451767883614,62.4633573022611
2024-06-04,56.81999969482422,57.25,55.5,55.61000061035156,55.61000061035156,2111500,-0.0252409929179023,-0.025565010759868,1.75,19.367336434673632,117420516.28875732,-10661800,36.83769761227582,62.257679356601656
2024-06-05,55.61000061035156,56.005001068115234,54.75,55.72999954223633,55.72999954223633,1342500,0.002157866041498,0.002155541192446,1.2550010681152344,24.09266152227376,74817524.38545227,-9319300,38.275597955510584,62.1354550402087
2024-06-06,55.380001068115234,55.43999862670898,54.470001220703125,55.04999923706055,55.04999923706055,1806300,-0.0122016922799438,-0.012276744057829,0.9699974060058524,24.47057985791976,99436813.62190247,-11125600,37.50112970844427,61.9613398516284
2024-06-07,54.5,56.77999877929688,54.470001220703125,56.40999984741211,56.40999984741211,1535000,0.0247048252352379,0.0244045957372437,2.309997558593757,27.53950034071073,86589349.76577759,-9590600,37.790082175173204,61.84778404915759
2024-06-10,56.04999923706055,57.27999877929688,56.04999923706055,56.709999084472656,56.709999084472656,1733800,0.0053181924813336,0.0053041008350116,1.2299995422363352,29.909363469830765,98323796.41265869,-7856800,37.888165646477404,61.73175735316125
2024-06-11,56.59999847412109,56.790000915527344,56.18000030517578,56.540000915527344,56.540000915527344,1363200,-0.0029976753956932,-0.0030021774239128,0.6100006103515625,31.42856796852816,77075329.24804688,-9220000,33.08862013006425,61.64118132679008
2024-06-12,56.869998931884766,57.13999938964844,56.130001068115234,56.15999984741211,56.15999984741211,1040600,-0.0067209243360814,-0.0067436114574693,1.0099983215332031,26.72624328593216,58440095.84121704,-10260600,33.67135429777213,61.569144955114496
2024-06-13,55.83000183105469,56.70000076293945,54.0,54.130001068115234,54.130001068115234,1408400,-0.0361467020087682,-0.0368161764592407,2.700000762939453,26.575126265544213,76236693.5043335,-11669000,33.71962616494424,61.43913230724022
2024-06-14,52.959999084472656,54.77999877929688,52.58200073242188,54.560001373291016,54.560001373291016,1372100,0.0079438443874162,0.0079124581642021,2.197998046875,26.037433072088177,74861777.8842926,-10296900,39.27313803507387,61.32396644885196
2024-06-17,54.41999816894531,54.790000915527344,53.18999862670898,54.630001068115234,54.630001068115234,1406300,0.0012829855766551,0.0012821632539372,1.6000022888183665,27.78250068466848,76826170.50209045,-8890600,38.346684807678784,61.211044812400615
2024-06-18,54.119998931884766,55.06999969482422,52.959999084472656,53.31999969482422,53.31999969482422,1852500,-0.0239795231132733,-0.0242717123724022,2.1100006103515625,25.27047790423994,98775299.43466187,-10743100,40.878437579464425,61.03950558716651
2024-06-20,52.93999862670898,54.084999084472656,52.4379997253418,53.79999923706055,53.79999923706055,1721000,0.0090022420289497,0.0089619633996768,1.6469993591308594,31.12033392057519,92589798.6869812,-9022100,16.933308462550958,60.89619536100077
2024-06-21,53.83000183105469,54.77000045776367,52.20000076293945,52.34999847412109,52.34999847412109,7689100,-0.0269516874256871,-0.0273215448178016,2.5699996948242188,22.062339663007577,402524373.26736444,-16711200,16.540054060232567,60.20176273204639
2024-06-24,52.34999847412109,53.0,51.2599983215332,51.29999923706055,51.29999923706055,2581700,-0.0200572926010609,-0.0202611708642965,1.7400016784667969,24.489788319779365,132441208.03031921,-19292900,16.92820974993328,59.965348529150326
2024-06-25,51.2400016784668,51.619998931884766,50.630001068115234,51.25,51.25,1610700,-0.0009746440117766,-0.000975119286092,0.9899978637695312,27.93521344935988,82548375.0,-20903600,17.111939147153166,59.8232943126913
2024-06-26,50.900001525878906,51.22999954223633,50.5,50.75,50.75,1141000,-0.0097560975609756,-0.0098040000966208,0.7299995422363281,25.73099241261795,57905750.0,-22044600,22.83748619518868,59.71972773718562
2024-06-27,50.5,51.38999938964844,50.4900016784668,51.33000183105469,51.33000183105469,1634400,0.0114286075084668,0.0113637943225274,0.8999977111816406,31.692925876601294,83893754.99267578,-20410200,30.50938570124131,59.58475947558958
2024-06-28,51.47999954223633,53.11000061035156,51.18000030517578,52.880001068115234,52.880001068115234,4809400,0.0301967500831608,0.0297498034978574,1.9300003051757808,32.94686328638983,254321077.1369934,-15600800,25.04083343989627,59.28171079000361
2024-07-01,53.0,53.560001373291016,51.20500183105469,51.45000076293945,51.45000076293945,1360300,-0.0270423652853899,-0.0274147386334678,2.354999542236328,27.090598731380496,69987436.03782654,-16961100,25.1863364190399,59.1828525765004
2024-07-02,51.400001525878906,51.83000183105469,51.25,51.59999847412109,51.59999847412109,1309700,0.0029154073655461,0.0029111658074061,0.5800018310546875,28.44675900498304,67580518.00155638,-15651400,25.392264090576706,59.09180262808985
2024-07-03,51.630001068115234,51.77000045776367,50.61000061035156,50.84999847412109,50.84999847412109,891100,-0.0145348841507455,-0.0146415504291028,1.1599998474121094,27.557048758804317,45312433.6402893,-16542500,24.99263018545405,59.025015878716395
2024-07-05,50.5,51.0,49.52999877929688,49.900001525878906,49.900001525878906,2060200,-0.018682339759079,-0.0188590591509088,1.470001220703118,30.32557654290362,102803983.14361572,-18602700,25.21438446516339,58.85720375468009
2024-07-08,50.0,50.41999816894531,49.58000183105469,49.63999938964844,49.63999938964844,1194300,-0.0052104634925838,-0.0052240852953609,0.839996337890625,26.748568496724133,59285051.27105713,-19797000,20.45737158350461,58.75997659905759
2024-07-09,49.38999938964844,49.73500061035156,47.97999954223633,48.02000045776367,48.02000045776367,1713900,-0.0326349506809742,-0.0331793477149688,1.7550010681152344,22.75349502453919,82301478.78456116,-21510900,20.983934751496104,58.59982224049685
2024-07-10,48.09999847412109,48.52999877929688,47.34999847412109,48.18000030517578,48.18000030517578,1218000,0.003331941813554,0.0033264031949229,1.1800003051757957,26.593800593397543,58683240.3717041,-20292900,25.490172930392763,58.490557661226674
2024-07-11,48.45000076293945,49.75,48.2400016784668,49.36000061035156,49.36000061035156,1327700,0.0244914964238598,0.0241963884416381,1.5099983215332031,30.993150852705924,65535272.81036377,-18965200,37.33835645520728,58.38736877564991
2024-07-12,49.4900016784668,50.36000061035156,48.97999954223633,49.0,49.0,1089500,-0.0072933672183963,-0.0073200938518128,1.3800010681152344,34.18319342503018,53385500.0,-20054700,40.31716774340826,58.30111109846224
2024-07-15,48.77999877929688,49.18999862670898,48.119998931884766,48.220001220703125,48.220001220703125,905600,-0.01591834243463,-0.0160464000423152,1.0699996948242116,35.07752303327693,43668033.10546875,-20960300,47.19316032403614,58.224698143260674
2024-07-16,47.2599983215332,50.2599983215332,47.15999984741211,50.040000915527344,50.040000915527344,1488000,0.0377436675394111,0.037048805826309,3.0999984741210938,44.995866621231045,74459521.36230469,-19472300,55.255768479618126,58.124016039324374
2024-07-17,49.86000061035156,53.38999938964844,49.63999938964844,53.0,53.0,2496700,0.0591526584795518,0.0574692096575013,3.75,57.73196119547145,132325100.0,-16975600,57.63711403230416,58.02039428970866
2024-07-18,52.709999084472656,55.09999847412109,52.400001525878906,54.97999954223633,54.97999954223633,2776200,0.0373584819289873,0.0366775608589743,2.6999969482421804,61.44200402038174,152635474.7291565,-14199400,53.62453646891505,57.95352955055772
2024-07-19,55.0,56.0,54.5,54.59999847412109,54.59999847412109,2602400,-0.006911623704604,-0.0069356196067374,1.5,55.81866709063675,142091036.0290527,-16801800,52.39813349081538,57.885791807000324
2024-07-22,54.84000015258789,55.11000061035156,53.03300094604492,54.130001068115234,54.130001068115234,1806300,-0.0086080113395721,-0.0086452742630646,2.0769996643066406,59.696099290388624,97775020.92933655,-18608100,59.829337365443955,57.833864100641954
2024-07-23,56.310001373291016,56.7400016784668,55.54999923706055,56.63999938964844,56.63999938964844,2073900,0.0463698184371863,0.0453268580681892,1.19000244140625,65.57479356301377,117465694.7341919,-16534200,65.85794729735052,57.81520843249474
2024-07-24,56.77999877929688,59.970001220703125,56.63999938964844,58.09000015258789,58.09000015258789,2204400,0.0256002962317203,0.0252780960217076,3.3300018310546875,71.44551093799332,128053596.33636475,-14329800,66.59277204330205,57.81969803336941
2024-07-25,57.5,58.84000015258789,56.68999862670898,57.54999923706055,57.54999923706055,1540600,-0.0092959358600257,-0.0093394127202836,2.1500015258789134,73.2240404251431,88661528.82461548,-15870400,71.3238525464544,57.816653282526566
2024-07-26,58.060001373291016,59.0,57.37799835205078,57.630001068115234,57.630001068115234,1122300,0.0013901274042618,0.0013891620716817,1.6220016479492188,74.52425752138303,64678150.19874573,-14748100,72.79106604784043,57.81513074549348
2024-07-29,57.310001373291016,57.744998931884766,55.900001525878906,57.34000015258789,57.34000015258789,1001700,-0.0050321171291421,-0.0050448208662579,1.8449974060058596,81.14973350666068,57437478.15284729,-15749800,77.77630178272513,57.81169654235053
2024-07-30,57.58000183105469,59.29999923706055,57.13999938964844,58.95000076293945,58.95000076293945,1379400,0.0280781410196577,0.0276911768091938,2.1599998474121094,82.81535818984825,81315631.05239868,-14370400,77.79490189466541,57.82291472749462
2024-07-31,58.65999984741211,59.81999969482422,58.09000015258789,58.880001068115234,58.880001068115234,1125000,-0.0011874417967476,-0.0011881473643602,1.729999542236328,81.1111141584366,66240001.20162964,-15495400,73.22247025444419,57.831343421469676
2024-08-01,58.810001373291016,59.380001068115234,57.380001068115234,58.060001373291016,58.060001373291016,1049900,-0.0139266249991334,-0.0140245103117183,2.0,78.74366224047166,60957195.44181824,-16545300,72.28840254835312,57.83303235214194
2024-08-02,57.68000030517578,58.18999862670898,56.709999084472656,57.310001373291016,57.310001373291016,1058500,-0.012917671068899,-0.013001829723298,1.479999542236321,78.89383476515846,60662636.45362854,-17603800,67.25382047857182,57.82916624628956
2024-08-05,55.060001373291016,56.369998931884766,54.2599983215332,56.13999938964844,56.13999938964844,1136100,-0.0204153194138265,-0.020626592464367,2.1100006103515625,70.22545667587119,63780653.30657959,-18739900,65.19380061429301,57.8158705024115
2024-08-06,56.0,58.060001373291016,55.84999847412109,57.45000076293945,57.45000076293945,916600,0.0233345455563465,0.0230664575130435,2.210002899169929,66.56738420636285,52658670.6993103,-17823300,55.9052720621075,57.81356173259989
2024-08-07,57.810001373291016,58.27999877929688,55.810001373291016,55.900001525878906,55.900001525878906,1519200,-0.0269799689552039,-0.0273506101171901,2.4699974060058665,53.53846812953418,84923282.31811523,-19342500,53.25559276372539,57.79375500690725
2024-08-08,55.900001525878906,58.970001220703125,55.619998931884766,58.65999984741211,58.65999984741211,1333900,0.0493738505580445,0.0481936534904448,3.35000228881836,63.19896323579568,78246573.79646301,-18008600,63.73567948521309,57.80155672764938
2024-08-09,60.0,62.2400016784668,59.5,60.59000015258789,60.59000015258789,2411900,0.0329014713637256,0.0323718045271858,2.740001678466797,69.18051532832892,146137021.36802673,-15596700,55.91313909898077,57.846238677716606
2024-08-12,60.59000015258789,60.67499923706055,57.43000030517578,57.709999084472656,57.709999084472656,1174900,-0.0475326136468449,-0.0486994126166658,3.2449989318847656,53.10865565776349,67803477.92434692,-16771600,47.349940501642806,57.84518346888969
2024-08-13,57.2599983215332,58.68999862670898,56.68999862670898,58.220001220703125,58.220001220703125,978600,0.0088373270546056,0.008798506425953,2.0,50.39951138136754,56974093.19458008,-15793000,54.264442814110204,57.84758598783671
2024-08-14,58.40999984741211,59.0,57.47999954223633,57.77999877929688,57.77999877929688,867000,-0.0075575821398261,-0.0075862853732046,1.520000457763672,50.7111917300621,50095258.9416504,-16660000,54.00012560379482,57.8472043374137
2024-08-15,58.25,59.20000076293945,57.86000061035156,58.84000015258789,58.84000015258789,1013000,0.0183454724071543,0.0181792244151571,1.3400001525878906,53.52769224062075,59604920.15457153,-15647000,59.49715647308971,57.85371155901509
2024-08-16,58.959999084472656,59.9900016784668,58.61000061035156,59.400001525878906,59.400001525878906,842900,0.0095173584608903,0.0094723537302912,1.3800010681152344,55.91274465126964,50068261.28616333,-14804100,58.82705240442152,57.86209903073592
2024-08-19,59.41999816894531,60.34999847412109,59.2400016784668,59.45000076293945,59.45000076293945,1084200,0.0008417379760294,0.0008413839132907,1.1099967956542898,51.57629174096824,64455690.827178955,-13719900,53.066936792512664,57.873101179640784
2024-08-20,59.209999084472656,60.06999969482422,59.209999084472656,59.45000076293945,59.45000076293945,771100,0.0,0.0,0.8600006103515625,51.80493789222025,45841895.58830261,-13719900,53.38089401757813,57.880833758603835
2024-08-21,59.58000183105469,59.81999969482422,58.7599983215332,59.65999984741211,59.65999984741211,936400,0.0035323647061005,0.0035261405588908,1.0600013732910156,55.27008444599468,55865623.8571167,-12783500,59.06947653993653,57.89136571444047
2024-08-22,59.90999984741211,60.68000030517578,59.47999954223633,59.77000045776367,59.77000045776367,710400,0.0018437916633071,0.0018420939659381,1.2000007629394531,58.45941416359008,42460608.32519531,-12073100,65.0267514983744,57.89976476943441
2024-08-23,60.16999816894531,61.63999938964844,59.900001525878906,61.400001525878906,61.400001525878906,642400,0.0272712239523416,0.0269059895096285,1.7399978637695312,67.533331536188,39443360.98022461,-11430700,58.884108542069015,57.91385881968504
2024-08-26,61.380001068115234,61.880001068115234,59.66999816894531,60.18000030517578,60.18000030517578,938400,-0.0198697262277578,-0.0200697837315954,2.210002899169922,59.15492345152408,56472912.28637695,-12369100,61.593203823124455,57.927110192431904
2024-08-27,59.83000183105469,61.0,59.61000061035156,60.54999923706055,60.54999923706055,770100,0.0061482042208123,0.006129381125996,1.3899993896484375,66.93370459699955,46629554.41246033,-11599000,54.50061790081363,57.93963680897236
2024-08-28,60.36000061035156,60.459999084472656,59.34999847412109,60.04999923706055,60.04999923706055,794700,-0.0082576384194893,-0.0082919215780226,1.1100006103515696,56.059277755642725,47721734.39369202,-12393700,51.243937678202386,57.94998660665853
2024-08-29,60.16999816894531,63.75,60.0099983215332,62.91999816894531,62.91999816894531,1463800,0.0477934882322781,0.0466865132678399,3.740001678466797,59.387577004735945,92102293.31970215,-10929900,63.2007564247234,57.99448098897744
2024-08-30,62.83000183105469,65.0,62.83000183105469,64.11000061035156,64.11000061035156,2089500,0.0189129446286853,0.0187363184307833,2.1699981689453125,79.85072874179863,133957846.27532959,-8840400,62.002344407593554,58.071647159146586
2024-09-03,63.52000045776367,64.44999694824219,63.345001220703125,63.83000183105469,63.83000183105469,1140800,-0.0043674742884289,-0.0043770395651525,1.1049957275390625,76.73974105164861,72817266.08886719,-9981200,63.74003080936578,58.11104546095539
2024-09-04,63.43999862670898,65.52999877929688,63.18000030517578,65.11000061035156,65.11000061035156,1414800,0.0200532467895704,0.0198548286685373,2.3499984741210938,82.34775219084122,92117628.86352539,-8566400,65.07213156744767,58.16993366243933
2024-09-05,65.05999755859375,65.77999877929688,64.08000183105469,65.5999984741211,65.5999984741211,1437000,0.0075256928148703,0.0074975160667631,1.6999969482421875,81.41263650573676,94267197.80731201,-7129400,66.3519363455869,58.232892070715295
2024-09-06,65.52999877929688,66.55500030517578,64.51499938964844,66.19999694824219,66.19999694824219,1299500,0.009146318415812,0.0091047441542069,2.040000915527344,81.48147363230683,86026896.03424072,-5829900,67.36498401920649,58.29347719643438
2024-09-09,65.97000122070312,67.66999816894531,65.73999786376953,67.02999877929688,67.02999877929688,1417800,0.01253779258787,0.01245984531467,1.9300003051757808,82.72883987393708,95035132.26928711,-4412100,73.71221310206211,58.365364862818694
2024-09-10,67.0,68.9800033569336,66.37999725341797,68.3499984741211,68.3499984741211,1648800,0.019692670727482,0.0195012786868972,2.600006103515625,84.49612128018897,112695477.48413086,-2763300,79.99595312301292,58.460002729766025
2024-09-11,67.87999725341797,69.5199966430664,67.16999816894531,69.41000366210938,69.41000366210938,1623000,0.0155084888317829,0.0153894612665671,2.3499984741210938,85.45454948992656,112652435.94360352,-1140300,80.77477572515312,58.561222258219836
2024-09-12,68.77999877929688,70.11499786376953,68.31999969482422,68.6500015258789,68.6500015258789,1274000,-0.0109494611170197,-0.0110098476711229,1.7949981689453125,80.83332560680817,87460101.94396973,-2414300,81.27947255671796,58.63389972673151
2024-09-13,68.6500015258789,70.41999816894531,68.54000091552734,70.0,70.0,1013100,0.0196649445610308,0.0194740876084467,1.8799972534179688,80.45324646343592,70917000.0,-1401200,86.19153585276788,58.698640035567045
2024-09-16,69.97000122070312,71.91500091552734,69.9000015258789,71.79000091552734,71.79000091552734,991000,0.0255714416503907,0.025249961291886,2.014999389648437,89.51667352221405,71143890.9072876,-410200,90.12269126821656,58.77117650151686
2024-09-17,71.5,73.4000015258789,71.36000061035156,72.33000183105469,72.33000183105469,788800,0.0075219516456441,0.0074938028352308,2.040000915527344,89.63660526956886,57053905.44433594,378600,90.01205517404509,58.83071196895717
2024-09-18,72.30000305175781,73.2699966430664,71.51000213623047,72.12999725341797,72.12999725341797,679700,-0.0027651676009061,-0.0027689977391155,1.7599945068359375,91.48348402164213,49026759.13314819,-301100,89.78844091932089,58.88084134286627
2024-09-19,72.9000015258789,73.2300033569336,72.19999694824219,72.33999633789062,72.33999633789062,886300,0.00291139737237,0.0029071674630159,1.0300064086914062,89.5797937885236,64114938.75427246,585200,68.41599015603452,58.946670137669706
2024-09-20,72.02999877929688,72.12999725341797,69.8499984741211,69.94999694824219,69.94999694824219,4410100,-0.033038422873082,-0.0335965184165897,2.279998779296875,72.29005197304204,308486481.5414429,-3824900,67.37802942560155,59.20809505491909
2024-09-23,70.33000183105469,71.36000061035156,69.48999786376953,70.12000274658203,70.12000274658203,1336900,0.0024303903610694,0.0024274417389845,1.8700027465820312,74.21091055175326,93743431.67190552,-2488000,62.144947619763926,59.28612430114755
2024-09-24,70.12000274658203,70.87000274658203,69.69999694824219,70.04000091552734,70.04000091552734,878800,-0.0011409273805054,-0.0011415787336274,1.1700057983398438,70.90752138201212,61551152.80456543,-3366800,56.95331888966424,59.33643684383755
2024-09-25,70.0999984741211,70.11499786376953,68.76499938964844,69.22000122070312,69.22000122070312,772500,-0.0117075911494232,-0.0117766646468239,1.3499984741210938,64.93398254432375,53472450.942993164,-4139300,48.73506383657754,59.37691780562415
2024-09-26,68.86000061035156,69.05000305175781,67.87999725341797,68.0999984741211,68.0999984741211,1951900,-0.0161803341061925,-0.0163126650932983,1.1700057983398438,57.51581557419844,132924387.02163696,-6091200,40.606700960603916,59.466267855040705
2024-09-27,68.41000366210938,69.12999725341797,67.31999969482422,67.56999969482422,67.56999969482422,2001200,-0.0077826547896073,-0.0078130977013771,1.80999755859375,52.18800678359695,135221083.38928223,-8092400,39.85964627590491,59.55048603850914
2024-09-30,67.48999786376953,69.8499984741211,67.30000305175781,69.72000122070312,69.72000122070312,1369000,0.0318188772471401,0.0313231451128265,2.549995422363281,55.20121699365261,95446681.67114258,-6723400,33.01151163433953,59.62227494796656
2024-10-01,69.44000244140625,69.44000244140625,66.94999694824219,67.30000305175781,67.30000305175781,932400,-0.0347102427793231,-0.0353269561642054,2.4900054931640625,42.73916527258388,62750522.845458984,-7655800,27.141526661489028,59.65901211040363
2024-10-02,66.9800033569336,68.26000213623047,66.5999984741211,67.62999725341797,67.62999725341797,820700,0.0049033311544781,0.0048913489786938,1.660003662109375,46.38296513855192,55503938.74588013,-6835100,22.109085909065637,59.69244252646216
2024-10-03,67.62999725341797,67.81999969482422,66.6500015258789,67.26000213623047,67.26000213623047,754600,-0.0054708728702307,-0.00548589290205,1.1699981689453125,39.55793715636476,50754397.61199951,-7589700,21.269531236725715,59.72151262369641
2024-10-04,67.58000183105469,68.41000366210938,67.19999694824219,67.73999786376953,67.73999786376953,837200,0.0071364215327687,0.0071110777809843,1.2100067138671875,32.85349750639551,56711926.21154785,-6752500,16.50280709236128,59.7555415621251
2024-10-07,67.3499984741211,67.3499984741211,65.97000122070312,66.29000091552734,66.29000091552734,1222600,-0.0214053291108489,-0.0216377457896513,1.3799972534179688,26.2578460744886,81046155.11932373,-7975100,21.510561422033692,59.79578894991103
2024-10-08,66.80000305175781,68.72000122070312,66.70500183105469,67.12999725341797,67.12999725341797,1034400,0.0126715390902019,0.0125919269720417,2.014999389648437,31.287404632463804,69439269.15893555,-6940700,21.119265331449856,59.83381035028013
2024-10-09,67.4800033569336,69.26000213623047,67.2699966430664,69.18000030517578,69.18000030517578,842300,0.0305378092601282,0.0300808108840684,1.9900054931640625,39.605268903720486,58270314.25704956,-6098400,26.68765484915459,59.87309820383761
2024-10-10,68.80000305175781,68.81500244140625,67.875,68.0999984741211,68.0999984741211,529600,-0.0156114747946002,-0.0157346171713308,0.94000244140625,43.34053429961403,36065759.19189453,-6628000,26.937129841451064,59.894784968204846
2024-10-11,68.25,68.8499984741211,67.73999786376953,68.13999938964844,68.13999938964844,1235900,0.0005873849695099,0.0005872125264823,1.1100006103515625,42.80521349849658,84214225.2456665,-5392100,31.773353862883553,59.94519678862592
2024-10-14,68.22000122070312,69.47000122070312,68.0999984741211,69.38999938964844,69.38999938964844,646800,0.0183445848429211,0.0181783528399951,1.3700027465820312,47.823167525421546,44881451.60522461,-4745300,37.8445146466458,59.975321477633955
2024-10-15,69.1500015258789,70.5,69.0199966430664,69.72000122070312,69.72000122070312,957500,0.0047557549208441,0.0047444820449718,1.4800033569335938,51.73130347581574,66756901.16882324,-3787800,46.729617453947384,60.02111670780933
2024-10-16,69.75,71.5999984741211,69.69999694824219,71.41999816894531,71.41999816894531,774700,0.0243832030762698,0.0240906783679891,1.9000015258789065,61.051943440820565,55329072.58148193,-3013100,59.04814018696799,60.0642946057776
2024-10-17,71.5,72.72000122070312,71.13999938964844,72.41000366210938,72.41000366210938,1252200,0.0138617406685195,0.0137665454469039,1.5800018310546875,65.63309976919585,90671806.58569336,-1760900,57.479104421026896,60.13942307050832
2024-10-18,72.79000091552734,73.80000305175781,72.35800170898438,73.68000030517578,73.68000030517578,831700,0.01753896670124,0.0173869341135954,1.4420013427734375,63.56165629120074,61279656.2538147,-929200,57.63130350445306,60.193931897506516
2024-10-21,73.5,73.87000274658203,72.22100067138672,73.0999984741211,73.0999984741211,834900,-0.0078719032118943,-0.0079030502070832,1.6490020751953125,72.7272781628686,61031188.7260437,-1764100,57.712112529603246,60.24587642932018
2024-10-22,73.0,73.12999725341797,72.20999908447266,72.61000061035156,72.61000061035156,745700,-0.0067031172913498,-0.0067256840838323,0.9199981689453124,69.27247292360147,54145277.45513916,-2509800,57.720488168018804,60.29016386860121
2024-10-23,72.37000274658203,72.69000244140625,71.33200073242188,72.5,72.5,701300,-0.0015149512384921,-0.0015160999374147,1.358001708984375,70.6951007339528,50844250.0,-3211100,62.07749045833685,60.33115653911218
2024-10-24,72.52999877929688,76.05000305175781,72.39399719238281,73.19999694824219,73.19999694824219,2120300,0.0096551303205818,0.0096088174159553,3.656005859375,71.19565313969198,155205953.5293579,-1090800,63.993747944828314,60.460469828343065
2024-10-25,73.1500015258789,73.94000244140625,72.8499984741211,73.19000244140625,73.19000244140625,713500,-0.0001365369843253,-0.0001365463063479,1.0900039672851562,80.15736300262161,52221066.74194336,-1804300,57.15019276803272,60.503368792580176
2024-10-28,73.19000244140625,73.55000305175781,72.75,73.36000061035156,73.36000061035156,822800,0.0023226965879856,0.0023200032979232,0.8000030517578125,78.92295867587106,60360608.502197266,-981500,56.79196317478624,60.55313990412987
2024-10-29,72.7699966430664,73.87000274658203,72.54000091552734,73.3499984741211,73.3499984741211,683100,-0.0001363431863038,-0.000136352481881,1.3300018310546875,73.88316271330416,50105383.95767212,-1664600,61.048920424539524,60.59413670229388
2024-10-30,73.26000213623047,74.12000274658203,72.9800033569336,73.56999969482422,73.56999969482422,601200,0.0029993350413053,0.0029948460097934,1.1399993896484375,84.75225295093918,44230283.81652832,-1063400,62.79114639951143,60.63062005245293
2024-10-31,73.33000183105469,73.87999725341797,72.58000183105469,72.58000183105469,72.58000183105469,801300,-0.0134565429913843,-0.0135479027830594,1.2999954223632812,75.17010451068894,58158355.46722412,-1864700,57.50346700314736,60.675232455531166
2024-11-01,73.0,73.81999969482422,72.36000061035156,72.45999908447266,72.45999908447266,689800,-0.0016533858301817,-0.001654754181016,1.4599990844726562,69.96099977875733,49982907.36846924,-2554500,50.73124854701712,60.712986688802204
2024-11-04,72.5,73.7300033569336,72.01000213623047,72.16999816894531,72.16999816894531,781300,-0.004002220800324,-0.0040102511192255,1.720001220703125,66.01306472524185,56386419.56939697,-3335800,44.15501517501666,60.754409314186915
2024-11-05,71.55999755859375,73.51000213623047,71.00700378417969,73.16000366210938,73.16000366210938,891800,0.013717687658056,0.0136244518660623,2.502998352050781,62.53605822083462,65244091.26586914,-2444000,45.05311767593441,60.80539460771389
2024-11-06,73.58000183105469,75.18000030517578,73.58000183105469,74.13999938964844,74.13999938964844,1415300,0.0133952389076577,0.0133063159113336,1.5999984741210938,62.48194484811653,104930341.13616943,-1028700,48.297994956640665,60.89180482241944
2024-11-07,74.02999877929688,75.41999816894531,72.88899993896484,75.06999969482422,75.06999969482422,1598700,0.0125438402054482,0.0124658180295278,2.5309982299804688,60.546283475578974,120014408.51211548,570000,43.90233425358681,60.994833219797826
2024-11-08,76.5999984741211,77.16999816894531,72.0199966430664,72.43000030517578,72.43000030517578,2159000,-0.0351671693137153,-0.0358004250990709,5.150001525878906,46.127175481490106,156376370.6588745,-1589000,43.00861444606463,61.10596110118111
2024-11-11,72.22000122070312,73.19999694824219,71.04000091552734,71.52999877929688,71.52999877929688,1065900,-0.0124258114329263,-0.0125036573659422,2.159996032714844,44.03972338805839,76243825.69885254,-2654900,41.47684754616797,61.155734996076994
2024-11-12,71.41999816894531,72.25,69.62000274658203,70.69999694824219,70.69999694824219,1290100,-0.0116035487937813,-0.0116713953170469,2.6299972534179688,40.79752926161805,91210066.06292725,-3945000,30.23492094800758,61.210576864142126
2024-11-13,70.2300033569336,71.05999755859375,69.68000030517578,70.04000091552734,70.04000091552734,917300,-0.009335163524802,-0.0093790092484912,1.3799972534179688,33.77825089433914,64247692.83981323,-4862300,29.65229610704178,61.24650374680015
2024-11-14,69.37999725341797,70.30999755859375,67.8499984741211,67.9000015258789,67.9000015258789,1063000,-0.0305539600467654,-0.03103046345205,2.459999084472656,27.716934745231622,72177701.62200928,-5925300,29.183599063959676,61.277729723630834
2024-11-15,67.73999786376953,68.33000183105469,67.0,67.4800033569336,67.4800033569336,1146300,-0.0061855399043729,-0.0062047496122378,1.3300018310546875,25.74259108531889,77352327.84805298,-7071600,24.314304143947346,61.30896098845476
2024-11-18,67.19000244140625,67.43000030517578,65.94999694824219,67.12000274658203,67.12000274658203,939200,-0.0053349228281354,-0.0053492043454345,1.4800033569335938,25.02006769175045,63039106.579589844,-8010800,24.550165174605443,61.332837141392325
2024-11-19,66.6500015258789,67.4800033569336,66.51000213623047,67.05000305175781,67.05000305175781,711400,-0.0010429036346811,-0.0010434478370768,0.970001220703125,23.53897400742008,47699372.17102051,-8722200,30.225408303175044,61.35057484607776
2024-11-20,66.83999633789062,68.68000030517578,66.6500015258789,68.38999938964844,68.38999938964844,953200,0.0199850302296964,0.0197879509430869,2.029998779296875,33.46486563953846,65189347.41821289,-7769000,35.036820422169576,61.37971704426152
2024-11-21,68.19000244140625,69.93000030517578,68.19000244140625,69.62999725341797,69.62999725341797,799500,0.0181312746722617,0.0179688633236399,1.7399978637695312,39.73892962696171,55669182.804107666,-6969500,39.70944764894146,61.408265517409525
2024-11-22,69.79000091552734,70.94000244140625,69.61000061035156,70.80999755859375,70.80999755859375,700100,0.0169467234198097,0.0168047296763413,1.3300018310546875,45.36784302149121,49574079.290771484,-6269400,47.929142523476585,61.43666756842862
2024-11-25,70.62999725341797,72.0999984741211,70.4800033569336,71.61000061035156,71.61000061035156,1622800,0.0112978827756042,0.0112345383567085,1.6199951171875,44.65146964667824,116208708.99047852,-4646600,40.884290477978624,61.50740992338308
2024-11-26,71.61000061035156,71.98999786376953,70.56999969482422,71.48999786376953,71.48999786376953,676300,-0.0016757819516717,-0.0016771876448895,1.4199981689453125,40.278789215403656,48348685.555267334,-5322900,36.99280450348086,61.53625535496315
2024-11-27,71.81999969482422,72.80500030517578,71.3499984741211,72.4800033569336,72.4800033569336,702900,0.0138481678940682,0.0137531581528002,1.4550018310546875,40.54055560261617,50946194.35958862,-4620000,41.74460257169588,61.569023496172164
2024-11-29,72.63999938964844,72.79000091552734,71.05999755859375,71.51000213623047,71.51000213623047,577000,-0.0133830184295974,-0.0134733781165565,1.7300033569335938,46.17305390209751,41261271.23260498,-5197000,49.75930810817742,61.59339773043442
2024-12-02,71.5,72.37999725341797,71.11000061035156,71.98999786376953,71.98999786376953,984400,0.0067122879765078,0.0066898608737468,1.2699966430664062,51.98275493526524,70866953.89709473,-4212600,49.896514994644434,61.63670652214191
2024-12-03,71.77999877929688,71.93000030517578,69.87999725341797,70.7699966430664,70.7699966430664,1254600,-0.0169468156258567,-0.0170920561539454,2.0500030517578125,50.29190870431986,88788037.78839111,-5467200,50.028309220431645,61.684939720098996
2024-12-04,69.9800033569336,71.18000030517578,68.9000015258789,70.26000213623047,70.26000213623047,885000,-0.0072063661301007,-0.0072324574109494,2.279998779296875,50.92905949640825,62180101.890563965,-6352200,50.810065102191956,61.716765512598606
2024-12-05,69.87000274658203,70.73500061035156,69.25,69.56999969482422,69.56999969482422,845200,-0.0098207005469252,-0.0098692416933774,1.4850006103515625,58.03656528896976,58800563.74206543,-7197400,59.29887199911006,61.7445031876875
2024-12-06,69.51000213623047,71.04000091552734,69.45899963378906,69.95999908447266,69.95999908447266,1049500,0.005605855848199,0.0055902015150115,1.5810012817382812,61.96909064397683,73423019.03915405,-6147900,65.73125868252322,61.780377013993046
2024-12-09,69.91999816894531,71.38999938964844,69.76000213623047,70.62999725341797,70.62999725341797,662200,0.0095768750387821,0.0095313074699648,1.6299972534179688,66.44796208612138,46771184.18121338,-5485700,59.87600717319517,61.80469235529156
2024-12-10,70.9800033569336,70.9800033569336,68.76000213623047,69.72000122070312,69.72000122070312,767200,-0.0128839879385781,-0.0129677063734554,2.220001220703125,61.59860748569239,53489184.93652344,-6252900,58.7819806557798,61.82980906425577
2024-12-11,70.0,70.88999938964844,69.4000015258789,70.48999786376953,70.48999786376953,588700,0.0110441283646702,0.0109835873198731,1.4899978637695312,59.59780379335907,41497461.74240112,-5664200,53.05630460047519,61.85084449901852
2024-12-12,70.3499984741211,70.7300033569336,69.69100189208984,70.01000213623047,70.01000213623047,620100,-0.0068094161169747,-0.0068327059780189,1.03900146484375,51.86643004035039,43413202.32467651,-6284300,47.50282840293328,61.871666737299115
2024-12-13,70.0,70.0,68.80000305175781,69.55999755859375,69.55999755859375,637700,-0.0064277183817401,-0.0064484651140903,1.1999969482421875,43.38624125041377,44358410.443115234,-6922000,43.22247465611956,61.89179148984584
2024-12-16,69.26000213623047,70.33999633789062,68.95500183105469,69.2699966430664,69.2699966430664,755600,-0.0041690759877193,-0.0041777908153012,1.3849945068359375,36.91272189475355,52340409.46350098,-7677600,43.00812915126226,61.91460435634212
2024-12-17,69.08000183105469,70.0,68.0,68.5999984741211,68.5999984741211,756900,-0.0096722708447305,-0.0097193510842267,2.0,34.77343327930848,51923338.845062256,-8434500,37.00651458902578,61.935246731421294
2024-12-18,68.44999694824219,68.9000015258789,66.58000183105469,66.88999938964844,66.88999938964844,595900,-0.024927100911201,-0.0252430424830956,2.3199996948242188,22.624814775791837,39859750.636291504,-9030400,35.39770034086903,61.94726204371797
2024-12-19,67.08999633789062,67.76000213623047,66.20999908447266,66.80000305175781,66.80000305175781,1141900,-0.0013454378638333,-0.0013463437780147,1.5500030517578125,24.75879038252546,76278923.48480225,-10172300,25.07104309361442,61.969708170724445
2024-12-20,66.58000183105469,67.5,66.28500366210938,66.83000183105469,66.83000183105469,1798700,0.0004490835018919,0.0004489826940757,1.214996337890625,20.945909373262865,120207124.29351807,-8373600,26.112885374179974,62.004863786306245
2024-12-23,66.61000061035156,67.08000183105469,66.01000213623047,66.62999725341797,66.62999725341797,823200,-0.0029927363782261,-0.0029972235686292,1.0699996948242188,23.66407693860752,54849813.73901367,-9196800,27.63871188177307,62.02012425192731
2024-12-24,66.29000091552734,66.69999694824219,65.8499984741211,66.55999755859375,66.55999755859375,252400,-0.00105057328095,-0.0010511255198715,0.8499984741210938,25.06732280914254,16799743.383789062,-9449200,33.06343533922282,62.024712343825776
2024-12-26,66.22000122070312,67.19000244140625,65.86000061035156,66.94000244140625,66.94000244140625,505000,0.0057092081843599,0.0056929724215691,1.3300018310546875,31.5049237006141,33804701.232910156,-8944200,28.996923373732532,62.03463121572981
2024-12-27,66.5,67.09500122070312,66.16000366210938,66.73999786376953,66.73999786376953,460200,-0.0029878184992865,-0.0029922909397607,0.93499755859375,26.73408906989718,30713747.01690674,-9404400,22.428341540068708,62.043268235693816
2024-12-30,66.16999816894531,66.6500015258789,65.5510025024414,66.05000305175781,66.05000305175781,686300,-0.0103385501063416,-0.0103923641428942,1.0989990234375,17.0028989522217,45330117.09442139,-10090700,28.2163411630266,62.054206318972085
2024-12-31,66.23999786376953,66.75,65.8499984741211,66.05999755859375,66.05999755859375,541100,0.0001513172804565,0.0001513058331516,0.9000015258789062,19.70192276113653,35745064.67895508,-9549600,22.341110326778992,62.06280969136138
2025-01-02,66.06999969482422,66.73999786376953,65.42500305175781,65.93000030517578,65.93000030517578,561800,-0.0019678664581036,-0.0019698052512436,1.3149948120117188,7.777752660401134,37039474.171447754,-10111400,29.360121043610242,62.071413937694835
2025-01-03,65.93000030517578,67.33000183105469,65.625,67.12000274658203,67.12000274658203,747300,0.0180494833292581,0.0178885253254281,1.7050018310546875,26.35025285634013,50158778.05252075,-9364100,37.92590755102046,62.08631156385375
2025-01-06,67.12000274658203,68.55000305175781,66.9800033569336,68.47000122070312,68.47000122070312,1002000,0.0201132064791198,0.0199136078818418,1.5699996948242188,42.22541232501899,68606941.22314453,-8362100,38.4116567948404,62.11146959477737
2025-01-07,68.58000183105469,69.75,68.37999725341797,69.41000366210938,69.41000366210938,840700,0.013728675692239,0.013635291150772,1.3700027465820312,50.91388440963296,58352990.07873535,-7521400,54.391252245448776,62.13552320053971
2025-01-08,69.18000030517578,71.8499984741211,67.69000244140625,68.95999908447266,68.95999908447266,2731900,-0.0064832812835936,-0.0065043890328062,4.159996032714844,52.41935814663199,188391821.49887085,-10253300,52.01777429788922,62.20783534898578
2025-01-10,68.9800033569336,70.0,66.91999816894531,67.06999969482422,67.06999969482422,1166300,-0.0274071840884637,-0.0277897675176916,3.0800018310546875,51.18110393894885,78223740.64407349,-11419600,53.4185387372326,62.22973095220039
2025-01-13,66.7699966430664,68.56999969482422,66.22200012207031,68.51000213623047,68.51000213623047,780900,0.0214701423581096,0.021242905634564,2.3479995727539062,59.53175806763022,53499460.66818237,-10638700,64.32926701678987,62.248610140622226
2025-01-14,68.52999877929688,70.38500213623047,68.51000213623047,70.19000244140625,70.19000244140625,717600,0.0245219712858151,0.0242261343290496,1.875,65.81919645743564,50368345.751953125,-9921100,72.52253776156155,62.27048727959397
2025-01-15,70.5,72.58000183105469,70.44000244140625,72.02999877929688,72.02999877929688,1320000,0.0262145073926536,0.0258767964289714,2.139999389648437,72.02284088483538,95079598.38867188,-8601100,75.5761741210593,62.319693303002715
2025-01-16,71.94999694824219,72.93000030517578,71.37000274658203,72.69000244140625,72.69000244140625,739200,0.0091628998097259,0.0091211751289699,1.55999755859375,73.8521477477563,53732449.8046875,-7861900,77.54301777039973,62.34889078793634
2025-01-17,73.0999984741211,73.66999816894531,71.94999694824219,73.51000213623047,73.51000213623047,1514800,0.0112807768232667,0.0112176233633096,1.720001220703125,74.71783010619725,111352951.23596191,-6347100,78.62106259846927,62.41291673433311
2025-01-21,73.69499969482422,74.33999633789062,72.5999984741211,74.0199966430664,74.0199966430664,1071000,0.0069377566591659,0.0069138011598964,1.7399978637695312,76.76471941199767,79275416.40472412,-5276100,83.98248227558858,62.45980323710342
2025-01-22,73.79000091552734,74.25,73.0999984741211,73.66000366210938,73.66000366210938,1334500,-0.0048634557860487,-0.0048753208729894,1.1500015258789062,78.67372611428348,98299274.88708496,-6610600,79.29389639749361,62.51589502848989
2025-01-23,73.66000366210938,73.83000183105469,72.88999938964844,73.5999984741211,73.5999984741211,723700,-0.0008146237442986,-0.0008149557305291,0.94000244140625,78.30330738842727,53264318.895721436,-7334300,83.48318678921467,62.545916790631466
2025-01-24,73.23999786376953,74.98999786376953,73.23999786376953,74.98999786376953,74.98999786376953,1142500,0.0188858616639397,0.0187097378236463,1.75,81.06994657331387,85676072.55935669,-6191800,83.83216955599698,62.59890057960082
2025-01-27,75.0,76.80000305175781,73.9800033569336,75.13999938964844,75.13999938964844,983500,0.0020002871069739,0.0019982891965381,2.8199996948242188,79.61593833376062,73900189.39971924,-5208300,78.96353042544763,62.64469842608355
2025-01-28,75.77999877929688,76.29000091552734,74.6500015258789,74.87999725341797,74.87999725341797,698000,-0.0034602360705673,-0.0034662365334101,1.6399993896484375,75.74294648946868,52266238.08288574,-5906300,74.36888040158473,62.676327100199465
2025-01-29,74.87999725341797,75.36499786376953,73.87999725341797,74.5,74.5,668100,-0.0050747498311456,-0.0050876701040407,1.4850006103515625,71.40452733043044,49773450.0,-6574400,70.43942787349565,62.70551021298404
2025-01-30,75.31999969482422,75.83999633789062,74.25,75.30000305175781,75.30000305175781,540900,0.0107382959967492,0.0106810499483255,1.589996337890625,75.8987135367548,40729771.6506958,-6033500,70.2864457563685,62.730627251279195
2025-01-31,75.41000366210938,75.58999633789062,74.04000091552734,74.05999755859375,74.05999755859375,1092000,-0.0164675357624054,-0.0166046328136209,1.5499954223632812,80.15528676047066,80873517.33398438,-7125500,68.86318239574453,62.776058443621004
2025-02-03,73.25,74.31900024414062,72.2699966430664,73.58000183105469,73.58000183105469,995800,-0.0064811739584423,-0.0065022679583676,2.0490036010742188,73.84760585518501,73270965.82336426,-8121300,68.79768324284548,62.81542205423233
2025-02-04,73.58999633789062,74.94000244140625,73.58999633789062,74.61000061035156,74.61000061035156,644300,0.0139983521835433,0.0139012801021319,1.350006103515625,72.1442888835546,48071223.39324951,-7477000,66.76035569725961,62.84316090562681
2025-02-05,75.0,75.0,74.18399810791016,74.79000091552734,74.79000091552734,451700,0.0024125493057669,0.0024096437809002,0.8160018920898438,66.58655190785305,33782643.4135437,-7025300,67.34978487654432,62.862826432141006
2025-02-06,75.12000274658203,76.45500183105469,74.45999908447266,74.77999877929688,74.77999877929688,934500,-0.0001337362763474,-0.0001337452198406,1.9950027465820312,63.6244904617625,69881908.85925293,-7959800,58.61477975650604,62.90327270300468
2025-02-07,74.77999877929688,74.98999786376953,72.85099792480469,73.37999725341797,73.37999725341797,859500,-0.0187216040215623,-0.0188990717274796,2.138999938964844,49.21209161931819,63070107.639312744,-8819300,57.069207320482796,62.93587466986262
2025-02-10,73.72000122070312,74.80000305175781,73.21900177001953,74.30999755859375,74.30999755859375,626100,0.0126737576994453,0.0125941178174713,1.5810012817382812,51.6724378407156,46525489.47143555,-8193200,49.008738505165134,62.96159939028759
2025-02-11,74.0,75.06999969482422,73.54000091552734,73.6500015258789,73.6500015258789,550200,-0.0088816586515755,-0.0089213356884193,1.529998779296875,49.9442467872796,40522230.839538574,-8743400,50.20754637320112,62.98280057384957
2025-02-12,73.06999969482422,73.80000305175781,72.70899963378906,73.68000030517578,73.68000030517578,459900,0.0004073153927408,0.0004072324623447,1.09100341796875,50.44743741167314,33885432.14035034,-8283500,47.49292682825543,63.00050740215116
2025-02-13,73.8499984741211,74.36499786376953,72.94000244140625,74.30999755859375,74.30999755859375,595900,0.0085504512867613,0.0085141032260746,1.4249954223632812,45.843519072086586,44281327.545166016,-7687600,47.930619779495046,63.02471174020478
2025-02-14,74.73999786376953,74.93000030517578,73.83000183105469,74.23999786376953,74.23999786376953,1081400,-0.0009419956550129,-0.0009424396117454,1.0999984741210938,44.444433978880696,80283133.68988037,-8769000,46.79607586962238,63.06810178018111
2025-02-18,73.88999938964844,74.79499816894531,73.61000061035156,74.33999633789062,74.33999633789062,955200,0.0013469622440531,0.0013460559041888,1.18499755859375,46.59948823448585,71009564.50195312,-7813800,52.94252204759137,63.106490440697854
2025-02-19,73.69999694824219,75.19200134277344,73.69999694824219,73.9800033569336,73.9800033569336,610700,-0.004842520832538,-0.0048542838269393,1.49200439453125,46.717188988612726,45179588.050079346,-8424500,53.19461419644664,63.130115065186104
2025-02-20,74.0999984741211,74.9000015258789,73.80000305175781,74.5,74.5,602100,0.0070288810417804,0.0070042936049755,1.0999984741210938,44.76436705852277,44856450.0,-7822400,56.049899662992964,63.154418212398056
2025-02-21,74.47000122070312,74.72000122070312,72.41000366210938,73.0199966430664,73.0199966430664,570700,-0.0198658168715918,-0.0200657951308204,2.30999755859375,43.40099434087399,41672512.084198,-8393100,66.96476922102286,63.17436574776375
2025-02-24,73.0199966430664,76.33999633789062,73.0199966430664,76.27999877929688,76.27999877929688,1266600,0.044645333964693,0.0436774344745997,3.3199996948242188,62.66416456607592,96616246.45385742,-7126500,74.27157998282374,63.23291371152428
2025-02-25,78.97000122070312,84.97000122070312,77.91000366210938,83.55999755859375,83.55999755859375,3207000,0.0954378460382558,0.0911541427416679,7.05999755859375,76.46364011250544,267976912.17041016,-3919500,76.91792956890808,63.460268171818406
2025-02-26,83.5,85.91999816894531,83.0199966430664,84.04000091552734,84.04000091552734,1724700,0.0057444156409531,0.0057279793997861,2.9000015258789062,76.87392386028935,144943789.57901,-2194800,67.02226643419186,63.58331721295535
2025-02-27,83.6500015258789,84.69999694824219,83.25,83.44000244140625,83.44000244140625,1500900,-0.0071394391668817,-0.0071650469188075,1.4499969482421875,74.32586966584944,125235099.66430664,-3695700,61.630987759263576,63.68610216897554
2025-02-28,80.94999694824219,82.80999755859375,77.94999694824219,79.75,79.75,2036200,-0.0442234220210799,-0.0452310982869856,4.8600006103515625,65.85367428277385,162386950.0,-5731900,56.08017274991421,63.79812414767801
2025-03-03,79.76000213623047,81.93000030517578,78.41000366210938,80.16000366210938,80.16000366210938,1079500,0.0051411117505877,0.0051279413565968,3.5199966430664062,64.94636810264639,86532723.95324707,-4652400,53.92506500126459,63.85839190979264
2025-03-04,80.25,80.76000213623047,78.79000091552734,78.98999786376953,78.98999786376953,1156800,-0.0145958800509996,-0.0147034478895387,1.970001220703125,63.29680241769715,91375629.5288086,-5809200,51.97108085322115,63.91788433388361
2025-03-05,78.80000305175781,79.75,77.02999877929688,77.83000183105469,77.83000183105469,1072400,-0.0146853533875951,-0.01479425063438,2.720001220703125,59.78312518862159,83464893.96362305,-6881600,47.516506516517715,63.96840724425089
2025-03-06,77.18000030517578,77.47000122070312,74.7699966430664,75.73999786376953,75.73999786376953,1066200,-0.0268534487744446,-0.0272205902287693,2.7000045776367188,53.15394781522399,80753985.72235107,-7947800,48.01088639651279,64.01075661046664
2025-03-07,75.11000061035156,78.48999786376953,74.5999984741211,77.93000030517578,77.93000030517578,1219200,0.0289147412618802,0.0285045975026313,3.8899993896484375,57.44251950280616,95012256.37207031,-6728600,54.68792564629161,64.06778363647337
2025-03-10,77.43000030517578,80.2300033569336,77.08000183105469,77.63999938964844,77.63999938964844,1604100,-0.0037213000691863,-0.0037282413319874,3.1500015258789062,56.60528743074601,124542323.02093506,-8332700,49.92153665716516,64.14055115876508
2025-03-11,77.66000366210938,77.82499694824219,74.91000366210938,75.88999938964844,75.88999938964844,1267200,-0.022539928049424,-0.0227978350662673,2.9149932861328125,53.62152963324828,96167807.2265625,-9599900,45.73987438974219,64.19010558795068
2025-03-12,75.79000091552734,76.18000030517578,73.4800033569336,74.01000213623047,74.01000213623047,1174800,-0.024772661332692,-0.0250846672997858,2.6999969482421875,49.1164847911575,86946950.50964355,-10774700,44.981823832248516,64.22835245660055
2025-03-13,74.0999984741211,75.0,72.2699966430664,72.30000305175781,72.30000305175781,936500,-0.0231049727755048,-0.0233760766990836,2.7300033569335938,48.71245847289397,67708952.85797119,-11711200,44.61007795457813,64.25333570255603
2025-03-14,73.04000091552734,74.91999816894531,72.63999938964844,74.16000366210938,74.16000366210938,1142900,0.0257261484348767,0.0254007992644231,2.279998779296875,46.009047262582605,84757468.1854248,-10568300,36.696125155265825,64.2906158118544
2025-03-17,73.5199966430664,75.66999816894531,73.19000244140625,75.1500015258789,75.1500015258789,852700,0.0133494850981965,0.0132611658646336,2.4799957275390625,29.25507870090344,64080406.30111694,-9715600,32.22188796030875,64.32101942765972
2025-03-18,74.88999938964844,76.0,74.20999908447266,75.30000305175781,75.30000305175781,706900,0.0019960282479469,0.0019940388304128,1.7900009155273438,28.084269183574847,53229572.1572876,-9008700,39.10846558796799,64.34644302421488
2025-03-19,75.22000122070312,76.97000122070312,74.91999816894531,76.30999755859375,76.30999755859375,879700,0.0134129411142482,0.0133237839744345,2.0500030517578125,32.48156573874262,67129904.85229492,-8129000,51.557626666967,64.38081954977561
2025-03-20,77.9800033569336,80.26000213623047,74.62000274658203,74.98999786376953,74.98999786376953,1915100,-0.0172978605301444,-0.0174492164818472,5.6399993896484375,36.76306660867536,143613344.90890503,-10044100,49.344019994393285,64.44677217907947
2025-03-21,74.55000305175781,74.9000015258789,72.56999969482422,73.97000122070312,73.97000122070312,1920300,-0.0136017691975319,-0.0136951207239718,2.3300018310546875,33.35125427434963,142044593.3441162,-11964400,56.17741916328411,64.50576694374709
2025-03-24,74.4800033569336,75.31999969482422,73.56999969482422,74.19999694824219,74.19999694824219,1110500,0.0031093108522848,0.0031044869420677,1.75,36.4305817493502,82399096.61102295,-10853900,62.656382870976536,64.54037195469388
2025-03-25,73.70999908447266,75.04000091552734,73.5199966430664,74.93000030517578,74.93000030517578,1083700,0.0098383205789456,0.0097902394045086,1.5200042724609375,41.579551088385365,81201641.330719,-9770200,59.83372311300719,64.57643861731398
2025-03-26,74.66000366210938,75.23899841308594,73.24600219726562,74.23999786376953,74.23999786376953,1900400,-0.0092086272333644,-0.0092512887457424,1.9929962158203125,45.25916323536645,141085691.94030762,-11670600,58.931796541208406,64.63490998277288
2025-03-27,74.56999969482422,75.8499984741211,74.16400146484375,75.51000213623047,75.51000213623047,859400,0.0171067390760355,0.0169620664027414,1.6859970092773438,41.87919744881135,64893295.835876465,-10811200,48.58369742869417,64.66458579936648
2025-03-28,75.08999633789062,75.41000366210938,74.54000091552734,74.75,74.75,1933200,-0.0100649200732284,-0.0101159138352341,0.8700027465820312,40.59856763904662,144506700.0,-12744400,55.85451343473302,64.72611584097534
2025-03-31,74.61000061035156,76.16999816894531,74.06500244140625,76.04000091552734,76.04000091552734,1269400,0.0172575373314693,0.0171103173895079,2.1049957275390625,50.50302335946227,96525177.16217041,-11475000,63.58526196950468,64.7712588615657
2025-04-01,75.62999725341797,76.51499938964844,74.87999725341797,76.33999633789062,76.33999633789062,1683400,0.0039452317037258,0.0039374696857362,1.6350021362304688,58.73966697363594,128510749.83520508,-9791600,69.43646835705496,64.83215106574913
2025-04-02,76.12999725341797,77.75,75.8499984741211,76.62000274658203,76.62000274658203,1370000,0.0036678860639718,0.0036611757732649,1.9000015258789065,68.15125689450343,104969403.76281738,-8421600,57.707393902661906,64.88243013911635
2025-04-03,74.7300033569336,74.7300033569336,70.02999877929688,70.19000244140625,70.19000244140625,3105000,-0.0839206483252523,-0.0876522895941539,4.700004577636719,37.94778103685641,217939957.5805664,-11526600,51.49236049789725,64.93324741475304
2025-04-04,68.48999786376953,69.1449966430664,65.7300033569336,66.19999694824219,66.19999694824219,1873200,-0.0568457808004049,-0.0585254686812503,3.4149932861328125,27.01592062298465,124005834.28344727,-13399800,44.49056572139831,64.94052232143169
2025-04-07,64.51000213623047,66.9800033569336,62.13999938964844,65.31999969482422,65.31999969482422,2859800,-0.0132930104831573,-0.0133821534136478,4.840003967285156,25.29702699180973,186802135.1272583,-16259600,40.16400766750134,64.94382056620158
2025-04-08,67.31999969482422,68.12999725341797,62.21500015258789,63.0099983215332,63.0099983215332,1346800,-0.0353643812627582,-0.036004846114391,5.914997100830078,19.069785679776032,84861865.73944092,-17606400,40.36423859850174,64.93593728602195
2025-04-09,62.11000061035156,69.29000091552734,60.70000076293945,68.58000183105469,68.58000183105469,2305800,0.0883987249308968,0.0847075564184554,8.59000015258789,37.55341313724665,158131768.2220459,-15300600,41.96836738756825,64.96119386214633
2025-04-10,67.25,68.16999816894531,63.5099983215332,65.16999816894531,65.16999816894531,1136700,-0.0497230033692598,-0.0510017614866175,4.659999847412109,34.363901767963014,74078736.91864014,-16437300,37.408501597807856,64.96190486402409
2025-04-11,65.66999816894531,66.51599884033203,63.69499969482422,66.19000244140625,66.19000244140625,1035800,0.0156514393297464,0.015530218767951,2.8209991455078125,36.15626344142026,68559604.5288086,-15401500,36.728301528600944,64.96570368433021
2025-04-14,67.13999938964844,68.08000183105469,66.26000213623047,67.80000305175781,67.80000305175781,930900,0.0243239243234172,0.0240328089418751,1.8199996948242188,38.04094173410523,63115022.84088135,-14470600,38.63526607277204,64.97356116029167
2025-04-15,67.80000305175781,68.0,65.37000274658203,65.93000030517578,65.93000030517578,892600,-0.0275811602125517,-0.0279686622035329,2.6299972534179688,36.59246539510208,58849118.2723999,-15363200,35.020078778265855,64.97609684713092
2025-04-16,66.06999969482422,66.57499694824219,65.01000213623047,65.66999816894531,65.66999816894531,650100,-0.0039436089037915,-0.0039514054337783,1.5649948120117188,33.589067122835175,42692065.80963135,-16013300,41.142139268633976,64.97743412451005
2025-04-17,65.69999694824219,67.22000122070312,65.45999908447266,66.26000213623047,66.26000213623047,910300,0.0089843761799306,0.0089442567916564,1.7600021362304688,35.75982913857793,60316479.944610596,-15103000,35.72228478835206,64.98088586537048
2025-04-21,65.68000030517578,66.0,63.11399841308594,63.93999862670898,63.93999862670898,786300,-0.0350136346924886,-0.0356413069579835,2.8860015869140625,30.38263577259725,50276020.92018127,-15889300,31.47389357023671,64.97847175691929
2025-04-22,64.91000366210938,65.38999938964844,64.04000091552734,64.94000244140625,64.94000244140625,609900,0.0156397221797803,0.0155186821156106,1.3499984741210938,31.92774290181751,39606907.48901367,-15279400,28.107557425082746,64.97840267612396
2025-04-23,66.69999694824219,68.29000091552734,65.54000091552734,65.9000015258789,65.9000015258789,639800,0.0147828618475776,0.0146746603934229,2.75,33.36438444912133,42162820.976257324,-14639600,37.073731028404424,64.98013549453644
2025-04-24,66.30000305175781,67.66999816894531,65.83599853515625,67.52999877929688,67.52999877929688,750900,0.0247344038797612,0.0244334608473725,1.8339996337890625,45.14952429021942,50708276.08337402,-13888700,40.013769446841465,64.98574996213496
2025-04-25,66.9000015258789,67.3499984741211,65.7300033569336,66.06999969482422,66.06999969482422,672800,-0.0216200075649972,-0.0218571440874758,1.6199951171875,49.73885669533178,44451895.794677734,-14561500,45.86101437648294,64.98788481982244
2025-04-28,66.12999725341797,66.66999816894531,65.33999633789062,66.06999969482422,66.06999969482422,837600,0.0,0.0,1.3300018310546875,51.5618476016526,55340231.744384766,-14561500,53.603084887217335,64.99053088410452
2025-04-29,66.0,66.69999694824219,65.41999816894531,66.25,66.25,729200,0.0027243878614682,0.0027206834435139,1.279998779296875,57.40401766684095,48309500.0,-13832300,39.53133540712408,64.9932063596713
2025-04-30,65.68000030517578,66.30999755859375,64.58999633789062,66.12000274658203,66.12000274658203,1059800,-0.0019622226931014,-0.0019641503741558,1.720001220703125,42.51825901488103,70073978.91082764,-14892100,48.195040718547304,64.9966745058903
2025-05-01,66.25,66.46499633789062,65.08999633789062,65.62000274658203,65.62000274658203,899300,-0.0075620081553285,-0.0075907451033534,1.375,51.66298636634815,59012068.47000122,-15791400,57.13506793645203,64.99829824646346
2025-05-02,67.0,67.88999938964844,66.37000274658203,67.62000274658203,67.62000274658203,990200,0.0304785113728782,0.0300232685088114,1.5199966430664062,54.92763384819881,66957326.71966553,-14801200,48.82619903540902,65.00579646375601
2025-05-05,67.31999969482422,67.88999938964844,66.83000183105469,66.88999938964844,66.88999938964844,925200,-0.0107956718024607,-0.0108543678920227,1.05999755859375,46.661765125694586,61886627.435302734,-15726400,47.819278956259865,65.010818220093
2025-05-06,66.19999694824219,66.46499633789062,64.88999938964844,65.47000122070312,65.47000122070312,1144900,-0.0212288560607322,-0.0214574289073824,1.5749969482421875,48.254936238444486,74956604.39758301,-16871300,46.923130553864844,65.01232765962007
2025-05-07,65.56999969482422,66.25,64.9000015258789,65.48999786376953,65.48999786376953,875600,0.0003054321474502,0.0003053855125475,1.3499984741210938,49.30448117768585,57343042.1295166,-15995700,48.359043263069715,65.01352551893088
2025-05-08,66.4800033569336,67.76000213623047,66.11000061035156,66.62999725341797,66.62999725341797,1228400,0.017407228994263,0.0172574587422666,1.6500015258789062,51.37136833127752,81848288.62609863,-14767300,58.57533686393859,65.0191925371435
2025-05-09,67.95999908447266,71.08499908447266,66.91000366210938,70.2300033569336,70.2300033569336,1823600,0.0540298101742897,0.052620732617025,4.174995422363281,71.29317716750086,128071434.1217041,-12943700,61.76779070614976,65.04617161897953
2025-05-12,71.55999755859375,75.70999908447266,71.06999969482422,74.80000305175781,74.80000305175781,1529100,0.065071899136867,0.0630423078092641,4.6399993896484375,76.8811411646269,114376684.66644287,-11414600,63.615092988166225,65.08833370128724
2025-05-13,74.62999725341797,74.90499877929688,73.41000366210938,73.5199966430664,73.5199966430664,1230200,-0.0171123844447667,-0.0172604933920427,1.4949951171875,70.41798934011065,90444299.8703003,-12644800,55.81517420583183,65.11755450592875
2025-05-14,73.0,73.11499786376953,70.08000183105469,71.13999938964844,71.13999938964844,1400600,-0.0323721077542027,-0.0329076744465634,3.034996032714844,59.2993300598874,99638683.1451416,-14045400,61.693558925367306,65.141223509192
2025-05-15,71.13999938964844,73.04499816894531,70.5199966430664,72.94000244140625,72.94000244140625,1237800,0.0253022640877296,0.0249874609112398,2.5250015258789062,67.39240529800404,90285135.02197266,-12807600,66.90137737859442,65.16821732474071
2025-05-16,72.86000061035156,74.19499969482422,72.27999877929688,74.11000061035156,74.11000061035156,824000,0.016040555659224,0.0159132653470536,1.915000915527344,69.21605804756845,61066640.50292969,-11983600,67.99994975394145,65.18877334337091
2025-05-19,74.75,75.97000122070312,74.26000213623047,75.7699966430664,75.7699966430664,1141700,0.0223990827019771,0.0221519074400041,1.7099990844726562,71.2499910593039,86506605.16738892,-10841900,68.48889593818004,65.22236987197472
2025-05-20,75.5,75.5199966430664,74.23999786376953,74.69999694824219,74.69999694824219,821600,-0.0141216806418076,-0.0142223403537709,1.279998779296875,68.38044717920019,61373517.49267578,-11663500,56.9037831086568,65.24397592238113
2025-05-21,73.2300033569336,73.68000030517578,71.56999969482422,72.76000213623047,72.76000213623047,2551100,-0.0259704804721195,-0.0263136682753744,2.1100006103515625,64.40677913917764,185618041.44973755,-14214600,51.08904805192505,65.29680436058393
2025-05-22,72.48999786376953,72.95999908447266,71.30999755859375,72.66000366210938,72.66000366210938,1095900,-0.0013743605165632,-0.0013753058161989,1.6500015258789062,61.01398933685281,79628098.01330566,-15310500,50.39191037263884,65.318969993953
2025-05-23,71.91999816894531,72.4000015258789,70.41000366210938,70.80999755859375,70.80999755859375,1119800,-0.0254611341903958,-0.0257908780082663,1.9899978637695312,58.166662851969406,79293035.26611328,-16430300,55.61489659965688,65.33580847530106
2025-05-27,72.19999694824219,72.58000183105469,71.20999908447266,72.52999877929688,72.52999877929688,794900,0.0242903725463323,0.024000053359588,1.3700027465820312,64.52674212335756,57654096.029663086,-15635400,60.58393257513748,65.35143487400696
2025-05-28,72.5,72.80000305175781,71.83999633789062,72.62999725341797,72.62999725341797,991100,0.0013787188170977,0.0013777692569934,0.9600067138671876,64.64314593858433,71983590.27786255,-14644300,60.21987251594637,65.37109349260885
2025-05-29,73.08000183105469,73.29000091552734,71.66000366210938,72.61000061035156,72.61000061035156,970100,-0.000275322095864,-0.0002753600039503,1.6299972534179688,62.85469219200751,70438961.59210205,-15614400,64.8940309655759,65.39018027873605
2025-05-30,71.93000030517578,73.51300048828125,71.34500122070312,73.08999633789062,73.08999633789062,4073000,0.0066106007919608,0.0065888465901456,2.167999267578125,57.10028339386216,297695555.0842285,-11541400,63.81775951741131,65.47448593704976
2025-06-02,73.19000244140625,73.69000244140625,71.94000244140625,73.12000274658203,73.12000274658203,961000,0.0004105405690908,0.0004104563203689,1.75,44.61538311057293,70268322.63946533,-10580400,63.6297163647163,65.49418618558782
2025-06-03,73.0,74.51000213623047,72.40799713134766,74.26000213623047,74.26000213623047,1135800,0.0155908006951179,0.0154705128072816,2.1020050048828125,52.39329205101532,84344510.42633057,-9444600,69.96735119306486,65.52080048845492
2025-06-04,74.61000061035156,75.51000213623047,74.19999694824219,75.13999938964844,75.13999938964844,806000,0.0118502185308801,0.0117805545071245,1.3100051879882812,64.32665633382229,60562839.50805664,-8638600,69.27868191429937,65.54148094528875
2025-06-05,75.41000366210938,75.83999633789062,74.66999816894531,75.37000274658203,75.37000274658203,784100,0.0030609975885265,0.0030563222737298,1.1699981689453125,59.80630315256151,59097619.15359497,-7854500,65.02235669203336,65.56199438374199
2025-06-06,75.9000015258789,76.02999877929688,74.55000305175781,74.83999633789062,74.83999633789062,717100,-0.0070320603605847,-0.0070569018233211,1.4799957275390625,53.10636479803856,53667761.37390137,-8571600,58.67141516502264,65.57967041651703
2025-06-09,75.12999725341797,75.51000213623047,74.1500015258789,74.91999816894531,74.91999816894531,1091200,0.0010689716056837,0.0010684006623821,1.3600006103515625,45.82105216567405,81752702.00195312,-7480400,63.58911339692437,65.60667017450716
2025-06-10,74.63999938964844,76.37999725341797,74.45600128173828,75.55000305175781,75.55000305175781,922000,0.0084090349467418,0.0083738759768745,1.9239959716796875,54.36796065651925,69657102.8137207,-6558400,70.38993184088788,65.6308970190205
2025-06-11,75.75,75.75,74.12000274658203,74.41000366210938,74.41000366210938,776300,-0.0150893361164716,-0.0152043384881761,1.6299972534179688,59.23851427839125,57764485.84289551,-7334700,72.2808169445821,65.64887015404047
2025-06-12,74.19999694824219,74.29000091552734,73.62999725341797,74.29000091552734,74.29000091552734,649300,-0.001612723298966,-0.0016140251370435,0.660003662109375,59.10610972494176,48236497.594451904,-7984000,74.55984112679167,65.66364139162252
2025-06-13,73.3499984741211,74.66000366210938,73.11000061035156,73.80000305175781,73.80000305175781,599700,-0.0065957444841963,-0.0066175925292524,1.5500030517578125,69.69697578902293,44257861.83013916,-8583700,74.36453974312298,65.67646706161311
2025-06-16,73.97000122070312,74.63999938964844,73.59500122070312,74.44999694824219,74.44999694824219,656800,0.0088075050082114,0.0087689451811567,1.0449981689453125,64.72390269017892,48898757.99560547,-7926900,69.06349342577947,65.69158783968015
2025-06-17,73.8499984741211,73.95500183105469,72.06500244140625,72.76000213623047,72.76000213623047,733300,-0.0226997297687816,-0.0229613351294364,1.8899993896484373,50.8015096980792,53354909.5664978,-8660200,63.852750714642845,65.70516270263865
2025-06-18,72.75,73.33499908447266,72.16999816894531,72.62999725341797,72.62999725341797,683800,-0.0017867630428196,-0.0017883612078838,1.1650009155273438,50.121633950954745,49664392.12188721,-9344000,55.047616960178104,65.71754192051934
2025-06-20,73.0999984741211,73.80000305175781,72.83000183105469,73.56999969482422,73.56999969482422,1158100,0.0129423444438037,0.012859307994078,0.970001220703125,52.76499133784006,85201416.64657593,-8185900,47.2806858182438,65.74124438419302
2025-06-23,73.55000305175781,73.7699966430664,71.84500122070312,73.25,73.25,878500,-0.0043495948912819,-0.0043590818988955,1.9249954223632808,50.724621656402,64350125.0,-9064400,45.982156178919844,65.7583981025468
2025-06-24,73.58000183105469,75.12999725341797,72.8550033569336,74.9800033569336,74.9800033569336,848600,0.023617793268718,0.0233432081816418,2.274993896484375,53.76569171222218,63628030.84869385,-8215800,44.73071905368052,65.77870299878865
2025-06-25,74.97000122070312,75.09500122070312,74.19499969482422,74.94999694824219,74.94999694824219,554000,-0.0004001921492129,-0.0004002722474615,0.9000015258789062,48.909288392137626,41522298.30932617,-8769800,43.85430714302643,65.79186760150286
2025-06-26,74.91999816894531,75.68000030517578,74.27999877929688,74.62999725341797,74.62999725341797,617600,-0.0042695091107901,-0.0042786494907149,1.4000015258789062,45.795432082924414,46091486.30371094,-9387400,51.961745093873326,65.8059877944646
2025-06-27,74.62999725341797,75.48999786376953,74.19999694824219,75.45999908447266,75.45999908447266,1038900,0.0111215578400236,0.0110601680629046,1.2900009155273438,53.40660335676085,78395393.04885864,-8348500,60.62234558498672,65.83186330507516
2025-06-30,75.37999725341797,76.08899688720703,74.75,75.83999633789062,75.83999633789062,755700,0.0050357442092276,0.0050231072559114,1.3389968872070312,54.89360251542516,57312285.232543945,-7592800,61.26034303358464,65.85133770003107
2025-07-01,76.7300033569336,78.86000061035156,76.33999633789062,77.88999938964844,77.88999938964844,1066500,0.0270306322619586,0.0266717574363282,2.520004272460937,60.81328444507122,83069684.34906006,-6526300,69.55898481670344,65.88430698692486
2025-07-02,77.37000274658203,78.43000030517578,77.25,78.25,78.25,1166500,0.0046219105555598,0.0046112623244763,1.1800003051757812,69.12347146274519,91278625.0,-5359800,74.87551645955267,65.92123659895874
2025-07-03,78.16000366210938,78.8550033569336,77.8239974975586,78.5,78.5,474300,0.0031948881789136,0.0031897953681,1.031005859375,70.69811545810475,37232550.0,-4885500,72.55491217909194,65.93649241953018
2025-07-07,78.38999938964844,78.8550033569336,76.16000366210938,76.23999786376953,76.23999786376953,924000,-0.0287898361303244,-0.0292123934622285,2.6949996948242188,60.21772510049515,70445758.02612305,-5809500,64.76541481800783,65.96077956977238
2025-07-08,76.02999877929688,76.70500183105469,74.83000183105469,75.08000183105469,75.08000183105469,1032600,-0.0152150585679133,-0.0153319952197779,1.875,52.53013761085591,77527609.89074707,-6842100,65.51261722933943,65.98473847571917
2025-07-09,75.31999969482422,75.31999969482422,73.87000274658203,74.19000244140625,74.19000244140625,580600,-0.0118540139576863,-0.0119248329974382,1.4499969482421875,56.13733152323753,43074715.41748047,-7422700,71.36741785816837,65.99684182485878
2025-07-10,74.30000305175781,75.9000015258789,73.90599822998047,75.87999725341797,75.87999725341797,766500,0.0227792796387416,0.0225237057615051,1.9940032958984373,62.3012806518422,58162017.89474487,-6656200,64.16681935255943,66.01605056354528
2025-07-11,75.18000030517578,75.20999908447266,73.41200256347656,73.80000305175781,73.80000305175781,715900,-0.0274116272660575,-0.0277943359122655,1.7979965209960938,50.8014055100716,52833422.18475342,-7372100,65.91679269593183,66.03015500692295
2025-07-14,73.58000183105469,74.33999633789062,73.2699966430664,74.06999969482422,74.06999969482422,556900,0.0036584909471759,0.0036518149469404,1.0699996948242188,52.86713271789531,41249582.83004761,-6815200,65.6803231537444,66.04147162244145
2025-07-15,76.22000122070312,76.33000183105469,73.56999969482422,73.68000030517578,73.68000030517578,768500,-0.0052652813724216,-0.0052791918161387,2.7600021362304688,44.984552820640815,56623080.23452759,-7583700,60.919770445862895,66.0562798309232
2025-07-16,73.75,73.75,71.9800033569336,73.02999877929688,73.02999877929688,530900,-0.0088219533548677,-0.0088610971720325,1.7699966430664062,42.93078031142343,38771626.35192871,-8114600,60.204338110741375,66.06560689286121
2025-07-17,73.16000366210938,74.05500030517578,73.05000305175781,73.86000061035156,73.86000061035156,424500,0.0113652176492982,0.0113011187711182,1.0049972534179688,47.26757537214311,31353570.25909424,-7690100,52.93124541259824,66.07393341300264
2025-07-18,74.29000091552734,74.66000366210938,72.9800033569336,73.27999877929688,73.27999877929688,584200,-0.0078527190124799,-0.007883713980237,1.6800003051757812,42.12426992863975,42810175.286865234,-8274300,47.16486834809036,66.08451194097118
2025-07-21,73.23999786376953,73.3949966430664,72.30000305175781,72.33999633789062,72.33999633789062,436600,-0.0128275444468459,-0.0129105278074318,1.0949935913085938,37.84721707120136,31583642.401123047,-8710900,44.00078041174798,66.09136735925809
2025-07-22,72.58000183105469,73.30000305175781,72.11000061035156,72.91999816894531,72.91999816894531,550600,0.0080177199394035,0.0079857487996265,1.19000244140625,30.78111355000118,40149750.99182129,-8160300,39.48174907132438,66.10079188093454
2025-07-23,73.69999694824219,74.69000244140625,73.27200317382812,74.4000015258789,74.4000015258789,507300,0.0202962615756603,0.0200930376481682,1.417999267578125,36.29893335056509,37743120.77407837,-7653000,39.12443398532599,66.11133184601873
2025-07-24,74.30000305175781,74.9000015258789,73.62000274658203,73.93000030517578,73.93000030517578,449100,-0.0063172205788146,-0.0063372586512605,1.279998779296875,33.98738342715477,33201963.137054443,-8102100,46.93350859879539,66.12011247094388
2025-07-25,73.83999633789062,74.91000366210938,73.6050033569336,74.75,74.75,453300,0.0110915689360115,0.0110305085738852,1.3050003051757812,44.19330266113164,33884175.0,-7648800,50.90989603697016,66.12988368254877
2025-07-28,74.76000213623047,74.76000213623047,73.65499877929688,73.7699966430664,73.7699966430664,399500,-0.0131104128017871,-0.013197112879989,1.1050033569335938,44.822114506040485,29471113.65890503,-8048300,52.40534900242161,66.13749992872933
2025-07-29,73.80000305175781,74.19999694824219,73.25,73.55000305175781,73.55000305175781,365500,-0.0029821553655888,-0.0029866108510725,0.9499969482421876,47.32888306388442,26882526.11541748,-8413800,43.97828282149771,66.14425423530258
2025-07-30,73.36000061035156,73.9000015258789,72.5199966430664,72.9800033569336,72.9800033569336,450100,-0.0077498255767998,-0.0077800115334396,1.3800048828125,36.64827931169658,32848299.51095581,-8863900,44.162488026146505,66.15191613692471
2025-07-31,72.05999755859375,73.02999877929688,71.13999938964844,71.36000061035156,71.36000061035156,708000,-0.0221978990417259,-0.0224479801814076,1.8899993896484373,38.26922935847119,50522880.432128906,-9571900,42.96517259835919,66.16108230241872
2025-08-01,71.08000183105469,72.33000183105469,70.62999725341797,71.7300033569336,71.7300033569336,780700,0.0051850160232251,0.0051716201130312,1.7000045776367188,38.85717648871069,55999613.62075806,-8791200,43.44712445792295,66.17186902810923
2025-08-04,71.91999816894531,73.45999908447266,71.91999816894531,73.22000122070312,73.22000122070312,849500,0.0207723099684686,0.0205595074258889,1.5400009155273438,48.017247672873,62200391.036987305,-7941700,41.58560822374352,66.1866927562656
2025-08-05,73.5,73.5199966430664,72.05500030517578,72.43000030517578,72.43000030517578,870000,-0.0107894141266958,-0.0108480419431831,1.464996337890625,47.44464308575521,63014100.26550293,-8811700,34.186701978391106,66.20011173761145
2025-08-06,72.9000015258789,73.0,71.44499969482422,72.56999969482422,72.56999969482422,879300,0.0019328922968184,0.0019310266641607,1.5550003051757812,44.16289742720494,63810800.731658936,-7932400,46.002456946608596,66.21391914163895
2025-08-07,73.56999969482422,73.88999938964844,71.6500015258789,71.94999694824219,71.94999694824219,1318600,-0.0085435131485366,-0.0085802181663887,2.2399978637695312,44.00360486794764,94873265.97595215,-9251000,57.21116696674805,66.23250411175934
2025-08-08,74.37999725341797,74.97699737548828,72.87999725341797,73.38999938964844,73.38999938964844,1758100,0.0200139333215279,0.0198162873220261,2.0970001220703125,54.52977567364392,129026957.92694092,-7492900,50.755267515612786,66.26329103738331
2025-08-11,73.16999816894531,74.20999908447266,71.4000015258789,71.86000061035156,71.86000061035156,788200,-0.0208475104513038,-0.0210678880614289,2.80999755859375,45.77353733533539,56640052.4810791,-8281100,44.99241676962099,66.27406298396127
2025-08-12,71.94000244140625,72.4000015258789,71.33999633789062,72.08999633789062,72.08999633789062,735300,0.0032006084829607,0.0031954974383615,1.0600051879882812,39.76968555949677,53007774.30725098,-7545800,46.987280081375,66.28448687571242
2025-08-13,72.5,74.44000244140625,72.12000274658203,74.37999725341797,74.37999725341797,854400,0.03176586255871,0.031271763953217,2.3199996948242188,51.71623542064091,63550269.65332031,-6691400,30.66587058900183,66.30131159609529
2025-08-14,74.88999938964844,74.9800033569336,72.23999786376953,73.19999694824219,73.19999694824219,4879000,-0.0158644843875892,-0.0159916722939871,2.7400054931640625,44.24646283856497,357142785.11047363,-11570400,25.05909763224427,66.382224115893
2025-08-15,73.4000015258789,73.54000091552734,71.37000274658203,71.41999816894531,71.41999816894531,3952400,-0.0243169242282272,-0.0246174627481246,2.1699981689453125,41.765945946234936,282280400.76293945,-15522800,23.12909378934822,66.42963862928246
2025-08-18,70.79000091552734,71.79000091552734,70.6500015258789,70.76000213623047,70.76000213623047,2019200,-0.0092410536213346,-0.0092840170470727,1.1399993896484375,40.516651634355405,142878596.31347656,-17542000,27.6887668357836,66.45036065470863
2025-08-19,70.6500015258789,72.2969970703125,70.2750015258789,72.2699966430664,72.2699966430664,1156700,0.02133966169092,0.0211151593636108,2.0219955444335938,47.731607058240826,83594705.11703491,-16385300,32.22400854442444,66.46627014201044
2025-08-20,71.77999877929688,72.88999938964844,71.62000274658203,72.8499984741211,72.8499984741211,1110200,0.0080254857893415,0.0079934528507262,1.2699966430664062,55.09924222999842,80878068.30596924,-15275100,32.48061763910953,66.4829763241339
2025-08-21,72.19999694824219,72.80000305175781,71.83499908447266,72.0,72.0,599400,-0.0116677898685617,-0.0117363926796688,0.9650039672851562,50.89462175314416,43156800.0,-15874500,33.01880988728635,66.49076045245762
2025-08-22,72.62000274658203,74.1729965209961,72.01000213623047,73.55000305175781,73.55000305175781,1018500,0.0215278201633029,0.0212993695236787,2.162994384765625,51.08911539275031,74910678.10821533,-14856000,33.32937687478216,66.5076441509568
2025-08-25,73.5,73.5,72.58000183105469,72.75,72.75,663200,-0.0108769954937302,-0.0109365824881321,0.9199981689453124,51.05540824065413,48247800.0,-15519200,33.02828141258229,66.5173507179093
2025-08-26,72.9000015258789,72.98999786376953,72.27999877929688,72.91999816894531,72.91999816894531,1072400,0.0023367445903135,0.0023340186484007,0.7099990844726562,51.152069103553366,78199406.03637695,-14446800,31.639999593377272,66.53340897482389
2025-08-27,72.77999877929688,73.41000366210938,72.19999694824219,72.88999938964844,72.88999938964844,868400,-0.0004113930341491,-0.0004114776794792,1.2100067138671875,53.219188461839934,63297675.4699707,-15315200,24.176543391629497,66.54629280257522
2025-08-28,72.62000274658203,72.8550033569336,71.6500015258789,72.66000366210938,72.66000366210938,1036900,-0.0031553811148985,-0.0031603698268444,1.2050018310546875,47.27409786148786,75341157.79724121,-16352100,28.105442771297913,66.56105302355162
2025-08-29,72.83000183105469,73.30000305175781,72.625,73.08999633789062,73.08999633789062,821200,0.0059178730265532,0.0059004311945104,0.6750030517578125,55.004059912891904,60021504.99267578,-15530900,27.731975474772636,66.57351288826159
2025-09-02,72.33000183105469,72.41300201416016,70.94000244140625,71.81999969482422,71.81999969482422,1020800,-0.0173757929497668,-0.0175285238394281,1.4729995727539062,48.98725780354364,73313855.68847656,-16551700,23.70413747215948,66.58592945981223
2025-09-03,71.4800033569336,71.62999725341797,70.55999755859375,71.4000015258789,71.4000015258789,804300,-0.0058479277461703,-0.0058650938323697,1.0699996948242188,36.99824643394968,57427021.227264404,-17356000,34.21937091268406,66.59488958396577
2025-09-04,71.58999633789062,72.4800033569336,70.53500366210938,72.37999725341797,72.37999725341797,794100,0.0137254300643658,0.0136320894725058,1.9449996948242188,46.35878436200552,57476955.81893921,-16561900,47.42324180754087,66.60550098364351
2025-09-05,72.56999969482422,73.48999786376953,72.43000030517578,72.72000122070312,72.72000122070312,682800,0.0046974852194969,0.0046864864666727,1.05999755859375,56.61917577482822,49653216.833496094,-15879100,60.70727018994773,66.61512942723905
2025-09-08,72.52999877929688,75.5999984741211,72.27799987792969,74.5999984741211,74.5999984741211,1507900,0.0258525470552761,0.0255240201000042,3.3219985961914062,67.39132237573185,112489337.6991272,-14371200,52.837436476112096,66.64280102829301
2025-09-09,74.0999984741211,74.4800033569336,72.86499786376953,72.9000015258789,72.9000015258789,930100,-0.0227881633111818,-0.0230518268098383,1.6150054931640625,52.80501326144616,67804291.41921997,-15301300,44.66870457628507,66.65614780248967
2025-09-10,72.54000091552734,73.17500305175781,71.1449966430664,71.22000122070312,71.22000122070312,1006600,-0.0230452711935732,-0.023314964956212,2.0300064086914062,43.390105283349264,71690053.22875977,-16307900,52.41042135478293,66.66665903909691
2025-09-11,71.01000213623047,73.96499633789062,71.01000213623047,73.79000091552734,73.79000091552734,1425900,0.0360853643748202,0.0354495384879521,2.954994201660156,56.37011901329255,105217162.30545044,-14882000,54.3057718512132,66.68982356757579
2025-09-12,73.4800033569336,74.48999786376953,73.0250015258789,73.38999938964844,73.38999938964844,1572400,-0.0054208093361702,-0.0054355552370539,1.464996337890625,49.37982974002056,115398435.0402832,-16454400,51.03039141523974,66.71376473012617
2025-09-15,73.33000183105469,74.06999969482422,72.91000366210938,73.20999908447266,73.20999908447266,1563400,-0.0024526544034986,-0.0024556670873665,1.1599960327148438,51.872964118787664,114456512.56866455,-18017800,57.98299059578073,66.73676259838345
2025-09-16,73.27999877929688,74.3499984741211,73.1050033569336,74.12999725341797,74.12999725341797,1008100,0.0125665644099213,0.0124882604646881,1.2449951171875,54.643136313467394,74730450.23117065,-17009700,60.30919844516258,66.75360110753569
2025-09-17,74.2300033569336,75.5,73.80000305175781,74.06999969482422,74.06999969482422,1712900,-0.0008093560072401,-0.0008096837126455,1.6999969482421875,54.5176209562232,126874502.4772644,-18722600,66.5832590449411,66.78180554710032
2025-09-18,74.22000122070312,75.08499908447266,74.12999725341797,74.37000274658203,74.37000274658203,918600,0.004050263979936,0.0040420837414268,0.9550018310546876,56.511810470007376,68316284.52301025,-17804000,58.81714086284231,66.79746066146724
2025-09-19,74.62000274658203,74.75,73.68000030517578,73.72000122070312,73.72000122070312,1491900,-0.0087401035615637,-0.00877852228626,1.0699996948242188,52.35957046765078,109982869.82116699,-19295900,57.10014797466144,66.82057831099166
2025-09-22,73.12999725341797,74.3489990234375,73.12999725341797,73.76000213623047,73.76000213623047,1484200,0.0005426060073925,0.0005424588499828,1.2190017700195312,58.00331362615448,109474595.17059326,-17811700,57.06935751276407,66.84355639716512
2025-09-23,73.68000030517578,74.22000122070312,73.05999755859375,73.38999938964844,73.38999938964844,787600,-0.0050163060719365,-0.0050289299698257,1.160003662109375,58.24357048087942,57801963.51928711,-18599300,52.36336884909482,66.85503916726105
2025-09-24,73.12000274658203,73.2300033569336,71.53500366210938,71.81999969482422,71.81999969482422,827700,-0.0213925563139555,-0.0216246936916606,1.6949996948242188,47.78831991861982,59445413.747406006,-19427000,46.848814070310254,66.86417450285263
2025-09-25,71.06999969482422,71.41999816894531,69.36000061035156,70.45999908447266,70.45999908447266,1279100,-0.0189362380413595,-0.0191178246292455,2.05999755859375,41.73975845828232,90125384.82894897,-20706100,46.848814070310254,66.87436993455036
