Date,Open,High,Low,Raw_Close,Adj_Close,Volume,Return,LogReturn,Volatility,RSI_14
2024-04-16,132.5,133.0500030517578,128.25,130.07000732421875,129.8167724609375,5870900.0,-0.012751408229570327,-0.012833405232774748,4.8000030517578125,48.90863353299509
2024-04-17,132.0399932861328,138.17999267578125,131.25,134.75,134.48765563964844,6154600.0,0.03598058317245889,0.03534840155012958,6.92999267578125,52.9792370873048
2024-04-18,138.14999389648438,138.41000366210938,135.42999267578125,137.22000122070312,136.95285034179688,5022300.0,0.018330267491269092,0.018164293304045353,2.980010986328125,50.42182791364094
2024-04-19,137.25,140.58999633789062,134.90499877929688,135.10000610351562,134.83697509765625,4518800.0,-0.015449661973883533,-0.015570251660442996,5.68499755859375,43.41703545164354
2024-04-22,135.52000427246094,137.13999938964844,132.11000061035156,136.69000244140625,136.42388916015625,2435000.0,0.011769131288733359,0.011700413701792287,5.029998779296875,46.82525647116788
2024-04-23,138.4600067138672,148.35000610351562,137.8699951171875,147.8300018310547,147.5421905517578,4682800.0,0.08149819991240026,0.07834730197353044,10.480010986328125,58.65368631796515
2024-04-24,147.0,149.89999389648438,144.35000610351562,146.17999267578125,145.89540100097656,4684600.0,-0.011161482316500937,-0.011224239069456842,5.54998779296875,69.73322997013062
2024-04-25,143.0,152.13999938964844,138.67300415039062,148.30999755859375,148.02125549316406,6069300.0,0.014571086392046517,0.014465948200576046,13.466995239257812,75.73870240860093
2024-04-26,153.63999938964844,157.25,150.1999969482422,153.07000732421875,152.77200317382812,4230500.0,0.03209503705961647,0.03159075299337819,7.0500030517578125,74.45503157047331
2024-04-29,153.5800018310547,159.5500030517578,153.5800018310547,159.00999450683594,158.70042419433594,5416300.0,0.03880567707004734,0.03807166581852287,5.970001220703125,76.3240586351259
2024-04-30,158.13999938964844,163.10000610351562,152.25,153.7100067138672,153.41075134277344,3490100.0,-0.03333118281451508,-0.03389932700351636,10.850006103515625,65.31551581181395
2024-05-01,154.19000244140625,156.6999969482422,149.42100524902344,151.6699981689453,151.37472534179688,3396800.0,-0.013271729544087618,-0.013360586008319474,7.27899169921875,65.00395582119445
2024-05-02,153.52999877929688,155.44000244140625,151.65899658203125,153.8300018310547,153.530517578125,2530700.0,0.014241427896634962,0.014140971401595284,3.781005859375,69.86576640517956
2024-05-03,155.6300048828125,167.1699981689453,155.13999938964844,166.25999450683594,165.93629455566406,4635100.0,0.08080332935259138,0.07770458811117203,12.029998779296875,78.71526202622692
2024-05-06,167.16000366210938,171.1699981689453,164.50999450683594,169.13999938964844,168.8107147216797,4007000.0,0.017322431923121995,0.017174109024789226,6.660003662109375,81.87307131341639
2024-05-07,168.66000366210938,173.5,167.1649932861328,167.36000061035156,167.03416442871094,2884800.0,-0.010523919029060247,-0.010579687075605956,6.3350067138671875,77.92429195867824
2024-05-08,167.0,167.00999450683594,163.22500610351562,164.0,163.6807098388672,3679700.0,-0.020076459216072373,-0.02028072996944451,3.7849884033203125,72.58771381212875
2024-05-09,165.0,168.72000122070312,164.64999389648438,166.39999389648438,166.07601928710938,4022600.0,0.014634036292976882,0.014527992101655167,4.07000732421875,76.2760144199127
2024-05-10,169.0,170.8000030517578,165.99000549316406,167.27000427246094,166.9443359375,3459600.0,0.005228428849137323,0.005214808071239196,4.80999755859375,75.98571439707116
2024-05-13,165.0,167.5500030517578,160.17999267578125,161.52999877929688,161.21551513671875,4413800.0,-0.034315754221970085,-0.03491836592712444,7.3700103759765625,62.81811224672251
2024-05-14,160.69000244140625,166.55499267578125,158.86000061035156,165.6300048828125,165.3075408935547,3855400.0,0.025382332174205935,0.025065550039780577,7.6949920654296875,67.40025647787166
2024-05-15,168.36000061035156,172.35000610351562,166.95599365234375,167.8699951171875,167.5431671142578,2572000.0,0.013524042573125561,0.01343340895032936,5.394012451171875,67.46428347170388
2024-05-16,168.02999877929688,170.0,166.35000610351562,166.39999389648438,166.07601928710938,1604400.0,-0.008756834745447417,-0.00879540113422491,3.649993896484375,62.64463366047158
2024-05-17,166.8800048828125,167.63999938964844,160.94000244140625,162.6199951171875,162.3033905029297,1937200.0,-0.022716276560420412,-0.022978266396337963,6.6999969482421875,53.57071782733697
2024-05-20,163.05999755859375,164.3000030517578,160.2100067138672,160.9499969482422,160.63662719726562,1736100.0,-0.01026942998848801,-0.010322524396965588,4.089996337890625,57.715228238333275
2024-05-21,160.24000549316406,164.49000549316406,159.07000732421875,163.92999267578125,163.61085510253906,1945300.0,0.018515253695043032,0.018345933200010368,5.4199981689453125,62.80817863507759
2024-05-22,164.2899932861328,167.36000061035156,163.0,163.85000610351562,163.53102111816406,2018900.0,-0.0004879504133449286,-0.00048806949988833135,4.3600006103515625,60.94364845833838
2024-05-23,166.4199981689453,170.0,161.44000244140625,161.6699981689453,161.35523986816406,3139000.0,-0.013305006200797997,-0.013394310812639235,8.55999755859375,43.540697239116234
2024-05-24,162.80999755859375,177.77000427246094,162.08999633789062,177.42999267578125,177.08456420898438,4294100.0,0.09748257542594851,0.09301898923609643,15.680007934570312,58.562258698690165
2024-05-28,178.33999633789062,182.77999877929688,176.77999877929688,178.08999633789062,177.74327087402344,2632700.0,0.0037197294297299788,0.0037128283443673754,6.0,61.34488094075779
2024-05-29,176.0,178.69000244140625,174.0959930419922,177.32000732421875,176.9747772216797,1537700.0,-0.004323616014067944,-0.00433298987084896,4.5940093994140625,64.89931793260592
2024-05-30,176.97000122070312,177.80999755859375,174.5,175.0800018310547,174.7391357421875,2034100.0,-0.012632542979228112,-0.012713011953728367,3.30999755859375,59.74405604103122
2024-05-31,177.10000610351562,179.76499938964844,165.39999389648438,175.89999389648438,175.5575408935547,5454900.0,0.004683582460741187,0.004672648614829037,14.365005493164062,59.69880650427849
2024-06-03,178.92999267578125,179.0,166.44000244140625,170.3699951171875,170.03829956054688,3434800.0,-0.03143836092096031,-0.031943154299620885,12.55999755859375,59.98191478195538
2024-06-04,168.35000610351562,169.41000366210938,161.3300018310547,163.0399932861328,162.7225799560547,5279800.0,-0.04302395180026619,-0.0439769158468464,8.080001831054688,47.27425668274361
2024-06-05,165.08999633789062,168.3000030517578,162.47000122070312,163.49000549316406,163.1717071533203,8005500.0,0.0027600791321458207,0.0027562771080561228,5.8300018310546875,45.209993325477285
2024-06-06,163.25,164.1300048828125,155.5,160.30999755859375,159.99789428710938,5249000.0,-0.019450754800455328,-0.01964241002811612,8.6300048828125,43.58003870646651
2024-06-07,159.5,165.75999450683594,159.0399932861328,162.0800018310547,161.7644500732422,4850300.0,0.011041118972245911,0.010980610796080852,6.720001220703125,49.40555813244273
2024-06-10,161.22000122070312,170.0,160.59800720214844,166.63999938964844,166.3155517578125,4223600.0,0.028134127631316508,0.027745632871465406,9.401992797851562,55.8890490214508
2024-06-11,165.5,168.5399932861328,163.3000030517578,168.22999572753906,167.9024658203125,2036100.0,0.009541585532607533,0.009496352110121092,5.239990234375,54.582248140495665
2024-06-12,171.5399932861328,179.22000122070312,171.15499877929688,177.52000427246094,177.1743927001953,4016500.0,0.05522210072724909,0.05375126678772957,8.06500244140625,62.17706930589512
2024-06-13,179.8000030517578,181.9600067138672,172.83999633789062,176.1699981689453,175.8270263671875,3462200.0,-0.007604746444864308,-0.007633809970028171,9.120010375976562,63.11032226226367
2024-06-14,174.08999633789062,174.77999877929688,166.1999969482422,170.1699981689453,169.8386993408203,3128300.0,-0.03405805779744853,-0.03465154781536567,8.580001831054688,42.028986480339235
2024-06-17,169.75,171.8800048828125,166.14999389648438,168.75999450683594,168.4314422607422,2804200.0,-0.008285844660492536,-0.008320363079779246,5.730010986328125,39.92223944069469
2024-06-18,167.94000244140625,180.25,166.3300018310547,179.57000732421875,179.22039794921875,3364900.0,0.06405547291921065,0.062087525762673734,13.919998168945312,51.99715996142716
2024-06-20,178.47000122070312,185.5,175.09500122070312,177.17999267578125,176.8350372314453,4005300.0,-0.013309649711018445,-0.013399016948959105,10.404998779296875,51.85905520144851
2024-06-21,177.10000610351562,177.17999267578125,170.39999389648438,175.72999572753906,175.38787841796875,3793000.0,-0.008183665613633373,-0.008217335626983532,6.779998779296875,49.85117019923838
2024-06-24,176.5500030517578,179.14999389648438,174.77000427246094,178.13999938964844,177.79318237304688,2552900.0,0.01371419722260403,0.01362100865746128,4.3799896240234375,57.195786373676164
2024-06-25,179.8000030517578,181.5,176.27000427246094,181.4499969482422,181.09674072265625,2553400.0,0.018580905665313008,0.018410389627352825,5.2299957275390625,68.42105102129169
2024-06-26,180.88999938964844,181.7250061035156,177.6199951171875,180.0,179.64955139160156,2284000.0,-0.007991250009689588,-0.008023351181416723,4.105010986328097,66.19578219653567
2024-06-27,178.38999938964844,179.2729949951172,173.25,176.27999877929688,175.93679809570312,2541300.0,-0.020666643847082833,-0.02088318761528366,6.0229949951171875,65.5018360507042
2024-06-28,174.8000030517578,176.3000030517578,167.1750030517578,171.50999450683594,171.17608642578125,3783600.0,-0.027059215135495585,-0.02743205695793592,9.125,58.64978334908186
2024-07-01,171.0,171.1999969482422,165.1199951171875,167.52000427246094,167.19384765625,2748200.0,-0.023263990039040117,-0.023538868199484433,6.0800018310546875,50.815729116711054
2024-07-02,165.41000366210938,171.97999572753906,165.41000366210938,169.80999755859375,169.47940063476562,2447400.0,0.013670078238851913,0.013577485597434548,6.5699920654296875,51.4458361943391
2024-07-03,170.10000610351562,174.77999877929688,169.17999267578125,172.67999267578125,172.3437957763672,1317200.0,0.016901140379735224,0.016759905241934547,5.600006103515625,44.98131575392977
2024-07-05,171.5,177.44000244140625,171.25999450683594,176.22999572753906,175.88690185546875,1629500.0,0.020558361634898104,0.0203498908876865,6.1800079345703125,50.059492512494344
2024-07-08,176.80999755859375,178.60000610351562,174.1699981689453,174.3699951171875,174.03050231933594,1659100.0,-0.010554506995968715,-0.010610600849363511,4.4300079345703125,54.5375712231889
2024-07-09,174.27999877929688,174.8300018310547,172.60000610351562,172.97999572753906,172.6432342529297,1800600.0,-0.007971407586129353,-0.008003349114785405,2.2299957275390625,54.56118294900447
2024-07-10,174.92999267578125,179.8000030517578,174.60000610351562,179.72999572753906,179.38009643554688,1835700.0,0.03902187196486029,0.038279762872288035,5.1999969482421875,50.18958523836367
2024-07-11,181.0,183.16000366210935,176.5500030517578,176.6999969482422,176.35598754882812,2574500.0,-0.016858664627852682,-0.01700238954448456,6.610000610351534,49.43979455386448
2024-07-12,177.9499969482422,184.33099365234372,174.39999389648438,180.4499969482422,180.0986785888672,1603900.0,0.021222364446247255,0.021000306308182625,9.930999755859347,55.22816479522526
2024-07-15,180.2400054931641,181.80999755859372,176.5,177.44000244140625,177.09454345703125,3026400.0,-0.01668049513396952,-0.016821181263368606,5.309997558593722,49.23480387274206
2024-07-16,178.77999877929688,183.88999938964844,178.17999267578125,182.7400054931641,182.3842315673828,1789700.0,0.029869289064996085,0.029431890368181127,5.7100067138671875,51.35135308277373
2024-07-17,180.1999969482422,180.1999969482422,162.89999389648438,165.8300018310547,165.50714111328125,6033800.0,-0.09253590789654553,-0.09710128155604013,17.300003051757812,38.78778919465716
2024-07-18,168.0,171.4499969482422,159.42999267578125,161.49000549316406,161.17559814453125,4736600.0,-0.026171335808315876,-0.026519900267607747,12.020004272460938,38.41091575077533
2024-07-19,162.0,163.69000244140625,159.11000061035156,163.33999633789062,163.02198791503906,2547800.0,0.011455764965439208,0.011390644554150689,4.5800018310546875,43.2911787148428
2024-07-22,166.3800048828125,168.25,163.6840057373047,166.75999450683594,166.43533325195312,1738600.0,0.02093794451023978,0.02072175820733172,4.5659942626953125,49.370031601070195
2024-07-23,167.0,171.00999450683594,166.22000122070312,170.49000549316406,170.1580810546875,3221800.0,0.022367532963080583,0.022121048427873116,4.7899932861328125,50.550521533687295
2024-07-24,167.33999633789062,172.3000030517578,162.72999572753906,162.89999389648438,162.5828399658203,5532100.0,-0.0445188441354869,-0.04554023724980413,9.57000732421875,42.64441211548094
2024-07-25,166.0,166.2899932861328,156.41000366210938,160.0,159.68849182128906,5163200.0,-0.017802297863290684,-0.01796266488623598,9.879989624023438,37.67279160822855
2024-07-26,168.4600067138672,173.9759979248047,163.69000244140625,173.11000061035156,172.77296447753906,3871900.0,0.08193748032195791,0.07875339716703025,10.285995483398438,49.18267323590549
2024-07-29,174.32000732421875,174.77000427246094,169.85000610351562,172.0500030517578,171.71502685546875,1757800.0,-0.00612328222340508,-0.006142106399165952,4.9199981689453125,49.394125252958254
2024-07-30,172.92999267578125,174.07000732421875,162.4499969482422,162.6999969482422,162.38323974609375,2639300.0,-0.05434461549617031,-0.05587706329272189,11.620010375976562,39.269055007573954
2024-07-31,171.25,180.2550048828125,171.25,178.24000549316406,177.8929901123047,4056500.0,0.09551324625904956,0.0912229714992687,9.0050048828125,50.838232432935335
2024-08-01,181.8999938964844,183.8600006103516,171.80999755859375,174.02999877929688,173.69117736816406,3706800.0,-0.023619889358698187,-0.023903310763695607,12.050003051757841,46.522964455115215
2024-08-02,168.77999877929688,169.99000549316406,161.5,164.72999572753906,164.40928649902344,3314500.0,-0.05343904629920426,-0.054919911356320225,8.490005493164062,43.55542118706807
2024-08-05,152.40499877929688,165.38999938964844,150.00999450683594,162.24000549316406,161.9241485595703,3700500.0,-0.015115556988126055,-0.015230961431409356,15.3800048828125,39.3006300862766
2024-08-06,163.0800018310547,166.46499633789062,160.0,164.35000610351562,164.03004455566406,2799900.0,0.013005447395136427,0.012921602739882784,6.464996337890625,49.08643337087523
2024-08-07,168.66000366210938,172.75,164.69000244140625,166.07000732421875,165.7467041015625,3312800.0,0.010465518987991862,0.010411134555932969,8.05999755859375,52.92167767567205
2024-08-08,169.1999969482422,177.4600067138672,165.0500030517578,177.2100067138672,176.86500549316406,2755800.0,0.06708007529844306,0.06492601664377969,12.410003662109375,57.91035645502302
2024-08-09,176.52000427246094,179.5500030517578,172.60000610351562,179.11000061035156,178.76129150390625,2766500.0,0.010721657489307423,0.010664588076386377,6.9499969482421875,57.16773257681457
2024-08-12,178.49000549316406,180.5,174.38999938964844,176.44000244140625,176.0964813232422,1797800.0,-0.014907087313171696,-0.015019314657775647,6.1100006103515625,53.49628908001131
2024-08-13,178.0500030517578,180.25999450683597,175.31500244140625,179.64999389648438,179.30023193359375,1551800.0,0.018193155174240916,0.018029639986819185,4.944992065429716,60.3766619038698
2024-08-14,180.0,185.19000244140625,178.25,184.16000366210935,183.80148315429688,2242700.0,0.0251045476749312,0.024794605120596752,6.94000244140625,64.6744561764394
2024-08-15,185.5,190.8000030517578,181.6100006103516,188.82000732421875,188.452392578125,3478000.0,0.02530398201370221,0.02498913644107484,9.190002441406222,60.63355505566445
2024-08-16,188.72000122070312,188.82000732421875,180.39100646972656,184.05999755859372,183.70166015625,2718300.0,-0.025209191334121916,-0.025532386219036727,8.429000854492188,57.74140523835521
2024-08-19,184.1000061035156,185.50999450683597,181.21499633789065,185.3999938964844,185.0390472412109,1626900.0,0.00728021229543252,0.007253839472377628,4.2949981689453125,66.31684978424369
2024-08-20,184.9600067138672,186.0,181.67999267578125,184.0,183.6417694091797,1138200.0,-0.007551259330738858,-0.007579914435372513,4.32000732421875,55.19667392564941
2024-08-21,183.47000122070312,185.2400054931641,181.80999755859372,184.25999450683597,183.9012756347656,1601400.0,0.0014131111153024012,0.0014121136134004116,3.4300079345703693,59.9378417980788
2024-08-22,185.0,186.7449951171875,182.30999755859372,186.0,185.63787841796875,2067900.0,0.009443125270387487,0.00939881767930419,4.434997558593778,74.2199999094734
2024-08-23,180.8000030517578,183.55999755859372,173.07000732421875,183.2899932861328,182.93313598632807,4872700.0,-0.014569992151875821,-0.014677176881989029,10.489990234374972,73.84993807325537
2024-08-26,181.47999572753903,183.2700042724609,179.19000244140625,182.1300048828125,181.77540588378903,2176800.0,-0.006328706367476067,-0.006348817526266544,4.080001831054659,70.5882019703038
2024-08-27,181.0,187.1000061035156,180.4900054931641,185.5500030517578,185.18875122070312,1613100.0,0.018777817165740673,0.018603690393520483,6.610000610351506,71.70228204106243
2024-08-28,183.8500061035156,185.3699951171875,180.7700042724609,184.0,183.6417694091797,2067600.0,-0.00835354092149898,-0.008388627277969546,4.599990844726591,59.620260074237606
2024-08-29,186.0,195.67999267578125,185.35499572753903,191.3600006103516,190.9874420166016,3155500.0,0.040000009970796446,0.03922072274058552,10.324996948242216,65.03066149670127
2024-08-30,195.8600006103516,201.3699951171875,194.1999969482422,201.0,200.60867309570312,3347700.0,0.050376249755024194,0.04914843308348261,7.1699981689453125,75.73343850349102
2024-09-03,200.0,202.6000061035156,187.54800415039065,192.5500030517578,192.17514038085935,4275300.0,-0.04203972133757372,-0.04294896464496639,15.052001953124943,62.17902269899507
2024-09-04,193.02999877929688,204.19000244140625,192.1219940185547,199.6300048828125,199.2413482666016,3765100.0,0.036769625206143575,0.036109749510543944,12.068008422851562,63.929400045758314
2024-09-05,197.08999633789065,200.72999572753903,194.2700042724609,198.44000244140625,198.0536651611328,3064200.0,-0.005961027245607431,-0.005978865091769641,6.459991455078125,59.23934286807582
2024-09-06,198.9900054931641,201.17999267578125,193.3800048828125,198.3300018310547,197.94387817382807,3884700.0,-0.0005543294905218099,-0.0005544831879157977,7.79998779296875,65.04957091426917
2024-09-09,200.00999450683597,202.92999267578125,197.3800048828125,201.80999755859372,201.4170837402344,1654700.0,0.017546415673215687,0.0173942546634262,5.54998779296875,66.55902449409666
2024-09-10,202.7400054931641,203.0,199.13999938964844,202.00999450683597,201.61669921875,1894700.0,0.000991055350463954,0.000990564579337581,3.8600006103515625,68.62461442626775
2024-09-11,204.1000061035156,210.1199951171875,201.5,209.1499938964844,208.7427978515625,3787500.0,0.035344783742743635,0.034734495632846765,8.6199951171875,72.53304079386476
2024-09-12,200.0,217.08999633789065,199.6499938964844,215.2700042724609,214.85089111328125,4041400.0,0.029261336556685613,0.028841395993117205,17.44000244140625,74.551256041943
2024-09-13,220.6499938964844,228.677001953125,219.00999450683597,225.58999633789065,225.1508026123047,3697500.0,0.04793981279599513,0.046826153711481334,9.667007446289034,81.46388094299625
2024-09-16,227.8800048828125,231.50999450683597,225.2400054931641,229.92999267578125,229.4823455810547,2334900.0,0.019238407851508432,0.01905568943843048,6.269989013671875,83.94887887507454
2024-09-17,237.6699981689453,240.0,233.50999450683597,237.1499938964844,236.68829345703125,5144000.0,0.03140088122130247,0.030917957027707766,6.490005493164034,84.7709044275422
2024-09-18,238.6199951171875,241.5189971923828,234.0,235.6699981689453,235.211181640625,3255900.0,-0.006240747249607437,-0.0062603021131507055,7.5189971923828125,84.8509597269218
2024-09-19,243.30499267578125,245.0,238.1100006103516,244.4499969482422,243.97409057617188,3060800.0,0.03725549471936063,0.036578277608335374,6.889999389648409,85.13569382242957
2024-09-20,243.22999572753903,250.8489990234375,242.25,245.4600067138672,244.98211669921875,4111400.0,0.0041316933313135795,0.004123181324368224,8.5989990234375,83.21879095150965
2024-09-23,247.8249969482422,254.8699951171875,246.7899932861328,251.52999877929688,251.040283203125,3336700.0,0.02472901526662974,0.024428202287418564,8.080001831054688,95.69259989918159
2024-09-24,254.0,257.5,252.1199951171875,255.47999572753903,254.98260498046875,3804400.0,0.015703940925504423,0.015581909965148709,5.3800048828125,95.4730578039991
2024-09-25,257.1000061035156,257.75,252.1699981689453,255.0500030517578,254.55343627929688,2454200.0,-0.0016831293303507522,-0.0016845473839238502,5.5800018310546875,96.66941348150831
2024-09-26,257.760009765625,258.6400146484375,247.07000732421875,251.22000122070312,250.7309112548828,2817700.0,-0.015016591723476025,-0.015130482341232251,11.57000732421875,91.08282781164549
2024-09-27,250.75999450683597,254.42999267578125,249.5800018310547,249.8600006103516,249.37356567382807,2293600.0,-0.005413555011072879,-0.0054282613999119805,4.8499908447265625,88.59441526724147
2024-09-30,251.0,255.3500061035156,248.9600067138672,254.97999572753903,254.48358154296875,3372200.0,0.020491409565937646,0.020284285364558976,6.389999389648409,89.42983694019313
2024-10-01,256.0,257.6000061035156,251.1000061035156,256.5299987792969,256.0305480957031,2304100.0,0.006078846200430421,0.006060444551075428,6.500000000000028,88.47031390971743
2024-10-02,251.0,257.5299987792969,248.5,252.2899932861328,251.7988128662109,2769700.0,-0.0165282434497247,-0.01666635885029839,9.029998779296875,81.00506110691825
2024-10-03,253.1499938964844,257.239990234375,250.88999938964844,254.67999267578125,254.1841735839844,1913700.0,0.009473280237587645,0.009428690107028419,6.3499908447265625,78.09546366136081
2024-10-04,257.0,266.4200134277344,253.22999572753903,265.5899963378906,265.0729064941406,3157300.0,0.04283796570268561,0.041945809877732165,13.190017700195341,80.56225482655424
2024-10-07,265.4100036621094,265.9800109863281,260.5199890136719,262.5400085449219,262.0288391113281,1925100.0,-0.011483887293776585,-0.011550336346270697,5.46002197265625,73.43549614356411
2024-10-08,264.0299987792969,266.5559997558594,262.25,264.2699890136719,263.7554931640625,1671900.0,0.006589557312051353,0.0065679410882008675,4.305999755859375,76.27712372616315
2024-10-09,264.5,269.2980041503906,262.8800048828125,266.6000061035156,266.0809936523437,1891700.0,0.008816879832090008,0.00877823811392363,6.417999267578125,73.08738414859565
2024-10-10,264.0,266.54998779296875,261.7900085449219,264.6199951171875,264.10479736328125,1795800.0,-0.0074270479147582336,-0.007454765761586102,4.759979248046875,69.57495728017642
2024-10-11,263.75,270.1099853515625,261.04998779296875,266.8900146484375,266.3703918457031,1848400.0,0.008578392005903268,0.008541806681148028,9.05999755859375,67.01372377681588
2024-10-14,267.260009765625,270.8299865722656,265.69000244140625,269.5,268.9753112792969,1822300.0,0.009779312991748279,0.00973180498976269,5.139984130859375,66.00454746636171
2024-10-15,270.0,270.8699951171875,260.04998779296875,266.3599853515625,265.8414001464844,2190200.0,-0.011651296611228101,-0.011719704849861547,10.82000732421875,62.15863780549939
2024-10-16,268.8999938964844,276.19000244140625,267.69000244140625,274.7699890136719,274.23504638671875,1844900.0,0.03157388666930472,0.03108568127824208,8.5,73.04749675541626
2024-10-17,279.239990234375,281.3729858398437,271.8900146484375,272.0,271.470458984375,2510100.0,-0.010081087150492052,-0.010132245420616678,9.482971191406193,71.08567165257021
2024-10-18,273.69000244140625,275.29998779296875,271.3500061035156,272.7200012207031,272.18902587890625,2353700.0,0.002646943233600929,0.002643446248880759,3.949981689453125,68.44069736026574
2024-10-21,277.0,277.6000061035156,272.2799987792969,276.42999267578125,275.891845703125,2570000.0,0.013603854204857324,0.013512152508542789,5.32000732421875,69.7970393948354
2024-10-22,271.0,278.2900085449219,270.5450134277344,276.4200134277344,275.8818664550781,2631800.0,-3.617086986185125e-05,-3.617152404353946e-05,7.7449951171875,76.21111487169854
2024-10-23,273.7099914550781,282.9700012207031,268.5,279.8800048828125,279.3351135253906,4244600.0,0.012517122327337926,0.012439430796149478,14.470001220703125,76.75152495630931
2024-10-24,285.8099975585937,297.5400085449219,283.0,297.0,296.4217834472656,3620100.0,0.061169072896815946,0.05937119933699302,14.540008544921875,79.4597084198947
2024-10-25,295.3900146484375,298.8099975585937,292.3949890136719,293.5400085449219,292.968505859375,2087800.0,-0.011649877912919937,-0.011718269428046265,6.415008544921818,78.85324795446466
2024-10-28,295.739990234375,295.94000244140625,288.0799865722656,289.2300109863281,288.6669006347656,2231600.0,-0.014682824735687272,-0.014791684298162563,7.860015869140625,72.16691260452816
2024-10-29,288.0,298.9599914550781,284.1000061035156,298.7699890136719,298.1883239746094,2030600.0,0.0329841187850306,0.03245181614229475,14.8599853515625,75.3266536578133
2024-10-30,300.0,301.5299987792969,294.6700134277344,297.6000061035156,297.0205993652344,2085200.0,-0.003916064163110633,-0.003923752019698796,6.8599853515625,76.29983102135763
2024-10-31,300.0,303.7090148925781,296.0199890136719,301.6600036621094,301.0726928710937,2550700.0,0.013642466261663655,0.013550245616835732,7.68902587890625,76.95765245282928
2024-11-01,305.0,311.5799865722656,300.5199890136719,301.0899963378906,300.5038146972656,2702200.0,-0.0018895043864759486,-0.0018912917517337421,11.05999755859375,75.29223287755748
2024-11-04,298.0,301.5,292.5400085449219,295.4599914550781,294.884765625,2070500.0,-0.018698761205166003,-0.018875793368739305,8.959991455078125,72.40531290213681
2024-11-05,295.8500061035156,316.45001220703125,294.8699951171875,315.7699890136719,315.1552124023437,3461400.0,0.06874023055881184,0.06648060022945079,21.58001708984375,76.67881686755621
2024-11-06,321.1600036621094,338.5799865722656,319.0,336.29998779296875,335.6452331542969,4486400.0,0.06501564925981462,0.06298949319410162,19.579986572265625,83.98518722988467
2024-11-07,339.0,340.4100036621094,332.5,336.7799987792969,336.12432861328125,2347600.0,0.0014273864534943836,0.0014263687058149626,7.910003662109375,83.94446478740886
2024-11-08,336.5,342.7900085449219,335.75,341.17999267578125,340.5157470703125,1720000.0,0.013064863454390618,0.012980254267377218,7.040008544921875,84.06100753602828
2024-11-11,347.79998779296875,349.7900085449219,338.5,349.44000244140625,348.7596740722656,2486600.0,0.02421011971658049,0.023921700603417306,11.290008544921875,85.3436476569586
2024-11-12,346.5,349.3999938964844,319.1000061035156,323.7099914550781,323.07977294921875,6123700.0,-0.07363208258339471,-0.07648380422184847,30.29998779296875,67.4524133561353
2024-11-13,334.4200134277344,343.6430053710937,330.54998779296875,333.260009765625,332.6112060546875,3054500.0,0.02950179461394775,0.02907499067403499,13.093017578124943,65.36441037890472
2024-11-14,333.260009765625,335.1109924316406,325.2799987792969,326.0400085449219,325.4052429199219,2449500.0,-0.021664823684806378,-0.021902951592352077,9.83099365234375,63.34592730153828
2024-11-15,325.1000061035156,339.2359924316406,325.1000061035156,329.760009765625,329.11798095703125,2931300.0,0.0114095827215146,0.011344984328683444,14.135986328125,66.72442930688115
2024-11-18,326.57000732421875,333.239990234375,322.1600036621094,325.3699951171875,324.7365417480469,1815200.0,-0.01331267041759232,-0.013402078407092222,11.079986572265625,61.46354229534396
2024-11-19,320.010009765625,340.3900146484375,317.54998779296875,340.0,339.33807373046875,2200600.0,0.04496424056197146,0.04398266527334985,22.84002685546875,66.37319133289773
2024-11-20,343.75,348.0,337.739990234375,342.7699890136719,342.1026306152344,2633600.0,0.008146910408177499,0.008113903482043019,10.260009765625,66.03478573239695
2024-11-21,349.8999938964844,357.0899963378906,339.3800048828125,339.8500061035156,339.1883544921875,2671800.0,-0.008518718835356154,-0.008555210509989582,17.709991455078125,64.84603105261986
2024-11-22,339.8500061035156,349.70001220703125,334.0,349.1600036621094,348.480224609375,2714600.0,0.027394425528254773,0.027025913231614157,15.70001220703125,70.0044833691608
2024-11-25,353.5199890136719,354.989990234375,328.1940002441406,328.9800109863281,328.33953857421875,6212400.0,-0.05779577896488308,-0.05953323274839556,26.795989990234375,54.92581586134053
2024-11-26,332.2699890136719,340.7099914550781,330.614990234375,338.8900146484375,338.2301940917969,2007900.0,0.030123254605666228,0.029678459747994795,10.095001220703125,51.04884021333418
2024-11-27,339.2300109863281,339.739990234375,329.6300048828125,335.3299865722656,334.6771240234375,2318200.0,-0.010504887293992016,-0.010560453106835085,10.1099853515625,49.42709229344782
2024-11-29,334.4599914550781,336.6199951171875,332.6700134277344,334.1199951171875,333.469482421875,883700.0,-0.003608378090036224,-0.003614903989594856,3.949981689453125,47.13844932041704
2024-12-02,335.7300109863281,346.6700134277344,335.510009765625,337.5400085449219,336.88287353515625,2328000.0,0.010235992476705702,0.010183959477405993,11.160003662109375,44.97975928891394
2024-12-03,338.75,339.9599914550781,326.6300048828125,331.9200134277344,331.2738037109375,2103800.0,-0.016649910888489883,-0.016790078687139474,13.329986572265625,54.17133510936119
2024-12-04,336.4849853515625,344.7300109863281,333.6300048828125,343.75,343.08074951171875,2424000.0,0.035641048789610164,0.03502060579761333,11.100006103515625,55.20904760487606
2024-12-05,346.0199890136719,354.69000244140625,344.94000244140625,348.1300048828125,347.4522399902344,2099500.0,0.012741870491822294,0.01266137590658111,9.75,61.287702704476295
2024-12-06,347.5,349.32000732421875,341.0,346.510009765625,345.8353881835937,1622800.0,-0.0046534505193753795,-0.0046643115274513135,8.32000732421875,58.74675546971598
2024-12-09,340.3500061035156,345.0,324.5,335.25,334.5972900390625,3045900.0,-0.03249551239841664,-0.033035215741067506,20.5,54.813871922286054
2024-12-10,334.2099914550781,336.5899963378906,322.3309936523437,327.3900146484375,326.7525939941406,3473500.0,-0.02344518703067211,-0.023724398167704854,14.259002685546932,43.42199161321915
2024-12-11,333.5599975585937,350.5799865722656,333.3299865722656,343.79998779296875,343.13067626953125,6671700.0,0.05012380185016774,0.04890806374297341,17.25,50.47038594631398
2024-12-12,343.0,343.0,328.19000244140625,329.9100036621094,329.2676696777344,3281800.0,-0.04040153664636914,-0.0412403493584061,14.80999755859375,45.8741364180842
2024-12-13,334.7799987792969,338.0,329.45001220703125,332.010009765625,331.3636169433594,2972900.0,0.006365481517442539,0.006345307406661064,8.54998779296875,42.42826536852465
2024-12-16,336.0599975585937,340.5,330.8399963378906,337.7099914550781,337.0525207519531,4229800.0,0.017168160648023623,0.017022453100738882,9.660003662109375,54.41934072792419
2024-12-17,333.0,334.0,323.5,328.3399963378906,327.7007751464844,4408900.0,-0.027745662855762965,-0.02813784502104181,10.5,44.62998126093372
2024-12-18,327.5899963378906,332.0599975585937,314.19000244140625,317.1199951171875,316.5025939941406,3906900.0,-0.034171970290085785,-0.03476948369223047,17.869995117187443,41.40147932966701
2024-12-19,324.95001220703125,337.4599914550781,322.510009765625,332.79998779296875,332.15203857421875,4584500.0,0.049444917283577805,0.0482613741785284,14.949981689453125,49.45164017636939
2024-12-20,328.1300048828125,345.6400146484375,327.1499938964844,342.6600036621094,342.2499694824219,5476100.0,0.03040153223671016,0.0299485633978152,18.490020751953125,52.11618928299919
2024-12-23,344.25,346.2799987792969,337.0,344.9200134277344,344.5072937011719,1435900.0,0.006595542498261553,0.00657388707519509,9.279998779296875,55.35948276266947
2024-12-24,347.2200012207031,348.989990234375,343.32000732421875,347.2900085449219,346.8744506835937,1062400.0,0.006871137493173363,0.006847638808334347,5.66998291015625,51.663628796334194
2024-12-26,345.79998779296875,345.79998779296875,338.8999938964844,343.07000732421875,342.65948486328125,1210900.0,-0.012151272058250173,-0.01222570232740405,6.899993896484375,47.895372899949365
2024-12-27,339.95001220703125,340.75,332.5,333.79998779296875,333.4005432128906,1506600.0,-0.02702082405244055,-0.02739259892900035,8.25,44.88296621061085
2024-12-30,324.3399963378906,335.6400146484375,323.0,330.260009765625,329.8648376464844,1837800.0,-0.01060497842125152,-0.010661611959073272,12.6400146484375,47.92075225291058
2024-12-31,330.92999267578125,333.09600830078125,327.5,328.92999267578125,328.5364074707031,1793800.0,-0.0040271954575678,-0.004035326446591169,5.59600830078125,50.83133743322506
2025-01-02,332.7900085449219,342.6700134277344,328.5199890136719,338.94000244140625,338.534423828125,2471100.0,0.03043198905836153,0.02997812116785229,14.1500244140625,47.72250110238144
2025-01-03,331.69000244140625,354.9800109863281,331.5,354.0299987792969,353.6063537597656,2392400.0,0.04452111475461851,0.043558516989305934,23.480010986328125,61.917335207758796
2025-01-06,369.75,376.2950134277344,366.510009765625,371.3200073242188,370.8757019042969,3419100.0,0.048837776699747204,0.047682671792509936,9.785003662109375,66.84404055479493
2025-01-07,373.260009765625,374.6199951171875,357.2260131835937,368.5199890136719,368.07904052734375,2728200.0,-0.007540697227112481,-0.007569272024343578,17.393981933593807,63.561041808222505
2025-01-08,362.30999755859375,368.7900085449219,348.20001220703125,366.4800109863281,366.04150390625,3160100.0,-0.0055355953389103485,-0.005550973524654378,20.589996337890625,67.90258001982988
2025-01-10,363.2000122070313,367.8299865722656,351.0,367.1000061035156,366.6607360839844,2387000.0,0.0016916993595703644,0.0016902700479587609,16.829986572265625,75.98796786285997
2025-01-13,355.3299865722656,366.8500061035156,353.010009765625,366.80999755859375,366.3710632324219,3267900.0,-0.0007900296460872092,-0.000790341883970345,13.839996337890625,71.08566773565954
2025-01-14,376.3200073242188,388.8800048828125,373.7000122070313,382.260009765625,381.8026123046875,3095600.0,0.04211999969679914,0.04125709955725544,15.179992675781193,72.86901997098457
2025-01-15,391.0,392.7699890136719,380.0,387.0299987792969,386.56689453125,2524000.0,0.01247839085700253,0.012401177407351383,12.769989013671875,73.63338956701213
2025-01-16,394.0700073242188,397.760009765625,387.0299987792969,391.0,390.5321350097656,2111600.0,0.010257579049348875,0.010205327100592925,10.730010986328125,74.09856224784595
2025-01-17,393.2900085449219,404.1300048828125,389.5899963378906,401.4100036621094,400.9296875,2363800.0,0.026624063830174682,0.026275811187069033,14.540008544921875,80.10941204743585
2025-01-21,405.0,417.2099914550781,395.2900085449219,416.0,415.502197265625,4223300.0,0.0363467965081159,0.03570183348666613,21.91998291015625,90.21528718062018
2025-01-22,430.0,434.1000061035156,418.1000061035156,427.1000061035156,426.58892822265625,4973900.0,0.026682725217801018,0.02633294964095735,16.0,94.11440484167164
2025-01-23,423.6300048828125,447.5,422.6600036621094,437.7099914550781,437.1862182617188,3925000.0,0.0248419247147722,0.024538380906810688,24.839996337890625,95.69051612729352
2025-01-24,436.9299926757813,436.9299926757813,416.0,420.489990234375,419.98681640625,4717500.0,-0.03934113459444066,-0.04013591179804852,20.929992675781307,82.29701767420696
2025-01-27,339.6000061035156,353.0,322.29998779296875,330.0,329.6051330566406,13356800.0,-0.21520123922695678,-0.24232794976759836,30.70001220703125,44.04166212104683
2025-01-28,351.4150085449219,355.510009765625,317.70001220703125,355.1199951171875,354.695068359375,10396700.0,0.07612119104474879,0.07336308647966883,37.80999755859375,46.133276935250386
2025-01-29,358.29998779296875,368.8399963378906,346.260009765625,353.25,352.8273010253906,5449800.0,-0.0052658395918038226,-0.005279752990418022,22.579986572265625,46.339003517206656
2025-01-30,365.0,387.6400146484375,364.9299926757813,382.9400024414063,382.4817810058594,5682500.0,0.08404814450096842,0.08070231577747407,22.710021972656193,53.48433013532432
2025-01-31,385.55999755859375,387.0799865722656,370.55999755859375,372.8800048828125,372.433837890625,4139500.0,-0.026270383621436966,-0.0266216151320045,16.519989013671875,51.176522318119574
2025-02-03,350.3399963378906,367.1950073242188,348.95001220703125,361.7099914550781,361.2771911621094,4079400.0,-0.029956050158342684,-0.030413899396024863,18.244995117187557,49.00593025765438
2025-02-04,360.6000061035156,366.0799865722656,349.56500244140625,356.5299987792969,356.1033935546875,2766400.0,-0.014320853167562264,-0.014424386228514881,16.514984130859375,44.77563142552196
2025-02-05,363.9700012207031,369.4750061035156,359.6300048828125,367.9299926757813,367.4897155761719,2810000.0,0.03197476414876044,0.03147421341615871,9.845001220703125,46.22349694971989
2025-02-06,365.989990234375,380.0499877929688,364.5979919433594,374.8299865722656,374.3814697265625,2460800.0,0.018753597334241867,0.018579916692337193,15.451995849609432,46.83944732834238
2025-02-07,380.6799926757813,389.8900146484375,375.3900146484375,377.9700012207031,377.5177307128906,2391700.0,0.008377180068817935,0.008342286235047321,14.5,45.284458825599046
2025-02-10,379.1499938964844,385.7000122070313,372.0,385.0,384.539306640625,2078900.0,0.01859932754542437,0.018428475292834503,13.700012207031307,43.56793257547691
2025-02-11,381.2999877929688,383.0799865722656,369.3699951171875,372.8999938964844,372.4537658691406,2064300.0,-0.03142862267336177,-0.03193310001061116,13.709991455078125,38.80072138995982
2025-02-12,364.760009765625,378.260009765625,359.7300109863281,369.6499938964844,369.2076721191406,1825400.0,-0.008715427383114482,-0.008753628843680908,18.529998779296875,35.49569485026814
2025-02-13,376.0,377.2000122070313,360.6000061035156,370.30999755859375,369.8668823242188,2609700.0,0.001785472661752996,0.0017838806002132698,16.600006103515682,38.49399411896418
2025-02-14,369.2799987792969,369.2799987792969,357.0,367.5899963378906,367.150146484375,2238800.0,-0.007345171924482696,-0.007372280526249198,12.279998779296875,64.42551333381641
2025-02-18,367.9200134277344,377.7699890136719,363.3500061035156,373.25,372.8033752441406,2407300.0,0.015397593638182716,0.015280253662466076,14.41998291015625,58.17919566755832
2025-02-19,369.9400024414063,376.4800109863281,366.25,375.2000122070313,374.7510681152344,1670900.0,0.005224450743822384,0.005210850649152538,10.230010986328125,59.89542555682584
2025-02-20,375.05999755859375,383.2900085449219,353.1099853515625,359.67999267578125,359.2496032714844,3456000.0,-0.041364698229447994,-0.04224456655188081,30.180023193359375,37.978083396290316
2025-02-21,357.6000061035156,359.92999267578125,325.4200134277344,327.8800048828125,327.4876708984375,6965000.0,-0.0884118787712187,-0.09256701237916164,34.509979248046875,31.009451975239003
2025-02-24,327.3800048828125,329.3869934082031,303.44000244140625,315.9100036621094,315.531982421875,7156900.0,-0.036507293370046545,-0.03719036081910244,25.946990966796875,30.80147473379766
2025-02-25,307.260009765625,322.10400390625,298.0,317.69000244140625,317.30987548828125,6835200.0,0.00563458909223713,0.0056187741743495,24.10400390625,33.24129479034778
2025-02-26,334.8299865722656,342.07000732421875,327.8500061035156,335.239990234375,334.8388366699219,4676800.0,0.05524240666845559,0.05377050988908093,14.220001220703125,36.60576039035569
2025-02-27,345.17999267578125,348.510009765625,322.0,326.2799987792969,325.8895874023437,4768000.0,-0.026727034882157885,-0.027090696450575026,26.510009765625,30.43759707444582
2025-02-28,322.3500061035156,336.0,318.67999267578125,335.17999267578125,334.7789306640625,4096600.0,0.0272771625892545,0.026911770475364704,17.32000732421875,33.523293738836344
2025-03-03,334.70001220703125,337.42999267578125,308.77301025390625,315.9800109863281,315.6018981933594,4846200.0,-0.05728267436861645,-0.058988802016147895,28.656982421875,25.700607748083513
2025-03-04,305.79998779296875,321.6499938964844,294.45001220703125,313.07000732421875,312.6954040527344,6257500.0,-0.009209368375992066,-0.009252036776988125,27.199981689453125,27.478743440852924
2025-03-05,314.54998779296875,323.8900146484375,311.19000244140625,316.79998779296875,316.4209289550781,4617100.0,0.011914229803375864,0.0118438141148024,12.70001220703125,30.17778291177278
2025-03-06,306.67999267578125,309.0799865722656,288.2799987792969,293.2099914550781,292.8591613769531,7501000.0,-0.07446336642754137,-0.07738156528576023,20.79998779296875,25.326422276522464
2025-03-07,293.0,301.0,279.5599975585937,289.29998779296875,288.95379638671875,7397700.0,-0.013335300735931588,-0.013425014323248538,21.440002441406307,25.13497347109964
2025-03-10,275.9700012207031,281.3699951171875,266.4700012207031,270.1300048828125,269.8067626953125,6818800.0,-0.06626330552093174,-0.06856079219051187,14.899993896484375,19.83736631669599
2025-03-11,269.989990234375,291.5299987792969,268.510009765625,284.2099914550781,283.8699035644531,5274800.0,0.052123011034463484,0.05081003812078856,23.019989013671875,25.14883192598778
2025-03-12,301.5799865722656,308.0,292.3900146484375,298.67999267578125,298.3226013183594,4541500.0,0.050913103405570315,0.04965940855805919,15.6099853515625,33.24359457283613
2025-03-13,297.0,303.489990234375,285.3500061035156,300.239990234375,299.8807067871094,2880400.0,0.005222887779418484,0.0052092958067312,18.139984130859375,40.894698477506026
2025-03-14,306.45001220703125,315.79998779296875,303.0,313.6300048828125,313.2547302246094,4404500.0,0.044597812179342444,0.043631942607895255,12.79998779296875,49.255880826054955
2025-03-17,312.5,335.2900085449219,311.0,331.9599914550781,331.5627746582031,4376600.0,0.05844459051094475,0.056800463043542276,24.290008544921875,54.20323490665188
2025-03-18,329.0,330.9769897460937,314.56201171875,318.92999267578125,318.5483703613281,2773800.0,-0.03925170523226296,-0.040042824435727854,16.414978027343693,45.06445903084744
2025-03-19,323.2650146484375,343.4200134277344,320.5,335.79998779296875,335.3981628417969,3445600.0,0.05289555385687916,0.051544039112499516,22.920013427734375,52.749211572741004
2025-03-20,329.2699890136719,342.3399963378906,329.2699890136719,336.8299865722656,336.42694091796875,3500100.0,0.0030673336653221916,0.0030626389950452267,13.07000732421875,50.499178604296546
2025-03-21,330.6400146484375,335.1520080566406,325.1099853515625,333.8699951171875,333.4704895019531,3012100.0,-0.008787796268481696,-0.008826636665194398,10.042022705078125,56.00214861088616
2025-03-24,344.239990234375,349.6199951171875,339.1499938964844,343.57000732421875,343.15887451171875,3141000.0,0.029053200552275227,0.02863915673243343,10.470001220703125,59.78692493566903
2025-03-25,343.8699951171875,344.94000244140625,333.2099914550781,336.20001220703125,335.7976989746094,2631700.0,-0.021451217158768188,-0.02168463867104973,11.730010986328125,56.08302618236834
2025-03-26,335.45001220703125,335.45001220703125,314.6600036621094,317.70001220703125,317.3198547363281,3798600.0,-0.055026714878348315,-0.05659862160052805,20.790008544921875,57.932242116626306
2025-03-27,310.17999267578125,314.989990234375,302.3299865722656,303.0,302.6374206542969,3814200.0,-0.04627013993256546,-0.04737481318054672,12.660003662109375,54.14750017805988
2025-03-28,302.0,308.8800048828125,299.1300048828125,302.92999267578125,302.5675048828125,2725300.0,-0.0002310215680969563,-0.00023104825769007954,9.75,61.22826160172672
2025-03-31,291.3500061035156,306.0299987792969,288.0,305.2799987792969,304.9147033691406,4678300.0,0.007757602678573283,0.007727667197619207,18.029998779296875,57.84263150017582
2025-04-01,307.6000061035156,316.42999267578125,302.3999938964844,315.6400146484375,315.2623291015625,3544500.0,0.03393613236123505,0.03337300663621832,14.029998779296875,56.51206503700307
2025-04-02,307.0799865722656,335.7850036621094,306.0,330.79998779296875,330.4041442871094,4203200.0,0.04802925623463539,0.04691150176362212,29.785003662109375,60.624394791306834
2025-04-03,306.9549865722656,315.8699951171875,293.4750061035156,297.6600036621094,297.3038330078125,5752200.0,-0.10018128359350686,-0.10556196216181851,22.394989013671875,45.11829298703919
2025-04-04,277.1600036621094,283.4700012207031,252.25,271.4800109863281,271.1551513671875,8095800.0,-0.08795272289657252,-0.09206345132219973,31.220001220703125,32.35911304911069
2025-04-07,257.0199890136719,298.489990234375,253.0760040283203,286.07000732421875,285.7276916503906,6522200.0,0.0537424430615725,0.05234805883639571,45.41398620605469,40.50178894921137
2025-04-08,303.7699890136719,307.0599975585937,279.5719909667969,286.8900146484375,286.5467224121094,5858400.0,0.0028664731688690104,0.0028623726687684856,27.488006591796818,34.416626688431435
2025-04-09,283.2099914550781,333.29998779296875,281.5610046386719,326.8099975585937,326.4189453125,7482600.0,0.13914737033022728,0.1302800618111748,51.738983154296875,47.44153098401454
2025-04-10,312.0400085449219,322.239990234375,303.1000061035156,309.95001220703125,309.5791320800781,4444800.0,-0.05158957062464664,-0.05296792804056099,19.139984130859375,44.29716137228506
2025-04-11,310.0,323.2099914550781,306.0,321.42999267578125,321.0453796386719,2800700.0,0.037038179807377336,0.03636874612738156,17.209991455078125,44.76595883612242
2025-04-14,333.3299865722656,334.25,317.5,322.29998779296875,321.914306640625,2467500.0,0.002706555076204653,0.0027028989515304677,16.75,46.609748503554485
2025-04-15,323.3699951171875,331.1300048828125,323.07000732421875,328.5599975585937,328.1668395996094,1635300.0,0.019422973226115525,0.01923675469705992,8.05999755859375,52.81696994674106
2025-04-16,318.57000732421875,332.3099975585937,316.0,328.1600036621094,327.767333984375,4015200.0,-0.0012173856923564097,-0.0012181273082678872,16.309997558593693,57.049207665349996
2025-04-17,335.260009765625,339.989990234375,321.7799987792969,323.54998779296875,323.4092102050781,2860900.0,-0.013296394507405718,-0.013385583033674129,18.209991455078125,55.70897463140495
2025-04-21,320.0,324.92999267578125,306.2099914550781,313.0799865722656,312.9437561035156,2526800.0,-0.03235978992350341,-0.03289494460237838,18.720001220703125,52.10567360810537
2025-04-22,319.04998779296875,331.2200012207031,317.6000061035156,326.07000732421875,325.9281311035156,3471400.0,0.04149108185339556,0.040653418891441945,13.6199951171875,52.75902144603016
2025-04-23,354.0400085449219,358.8800048828125,333.19000244140625,336.0899963378906,335.9437561035156,5443600.0,0.030729550610097522,0.030266853077580307,25.69000244140625,51.472021678507915
2025-04-24,342.489990234375,366.6600036621094,337.3099975585937,360.489990234375,360.3331298828125,4980400.0,0.07259957459004451,0.07008521095095045,29.350006103515682,67.56155895500535
2025-04-25,359.8099975585937,376.1499938964844,356.94000244140625,372.4200134277344,372.2579650878906,3961100.0,0.03309391842197895,0.03255810412858993,19.209991455078125,80.59482720566302
2025-04-28,371.0,379.9620056152344,361.6300048828125,370.05999755859375,369.8989868164063,3001500.0,-0.006336945056171883,-0.006357108721657762,18.332000732421875,77.50425458970162
2025-04-29,369.6199951171875,372.0899963378906,363.2200012207031,371.1900024414063,371.0285034179688,2430000.0,0.003053581225739066,0.0030489285158001728,8.8699951171875,77.54980871471138
2025-04-30,359.9800109863281,371.510009765625,357.6400146484375,370.8200073242188,370.6586608886719,2756800.0,-0.0009968035498347794,-0.0009973006888873664,13.8699951171875,69.43353146062867
2025-05-01,383.3399963378906,387.5199890136719,378.4700012207031,382.2900085449219,382.1236572265625,3246800.0,0.030931413582520273,0.030462678653728696,9.04998779296875,83.44658356865575
2025-05-02,391.0,403.4200134277344,385.5499877929688,396.3200073242188,396.1475524902344,3602400.0,0.03669988758470688,0.03604248291122065,17.870025634765568,83.82798470574393
2025-05-05,392.0,403.7999877929688,390.21099853515625,401.1000061035156,400.9254760742188,2296900.0,0.012060969590622861,0.011988815681568671,13.588989257812557,84.37809883007299
2025-05-06,394.5700073242188,402.6400146484375,392.1199951171875,401.2300109863281,401.055419921875,2242700.0,0.00032410972964003193,0.0003240572174277811,10.52001953125,83.49893363336905
2025-05-07,400.0,407.2900085449219,397.010009765625,406.80999755859375,406.6329956054688,2488700.0,0.013907244252378659,0.013811425888616127,10.279998779296875,84.59916820722202
2025-05-08,410.0,413.75,393.8599853515625,394.0,393.82855224609375,3346400.0,-0.03148894334142627,-0.03199537992913779,19.8900146484375,78.76212838909962
2025-05-09,396.25,399.7799987792969,387.0299987792969,399.260009765625,399.0862731933594,2383700.0,0.013350278737485288,0.013261949048510076,12.75,86.74738446525193
2025-05-12,415.0,418.7999877929688,408.8200073242188,416.6300048828125,416.44873046875,2989900.0,0.04350552359634374,0.042585740857326984,9.97998046875,87.22458170051604
2025-05-13,420.9100036621094,444.0,420.0,433.3299865722656,433.1414489746094,4769700.0,0.040083489958224305,0.03930098873709531,24.0,87.88963592818585
2025-05-14,438.9200134277344,440.3399963378906,431.8200073242188,432.8399963378906,432.6516723632813,2577200.0,-0.0011307544278839066,-0.0011313942130107132,8.519989013671818,84.647057447468
2025-05-15,430.1700134277344,432.7900085449219,425.3900146484375,426.9700012207031,426.7842102050781,2954300.0,-0.01356163059801252,-0.013654429468020084,7.399993896484375,77.73256528665779
2025-05-16,431.0,431.4630126953125,423.1000061035156,428.05999755859375,427.8737487792969,2603800.0,0.002552902727341211,0.002549649606597857,8.363006591796875,79.8722535054021
2025-05-19,424.5,447.4450073242188,421.6380004882813,446.6000061035156,446.4056701660156,3128700.0,0.043311657795294556,0.04239994039206761,25.8070068359375,82.93298865566368
2025-05-20,443.7799987792969,451.364990234375,442.5570068359375,450.0400085449219,449.84417724609375,2756700.0,0.0077026509963444845,0.007673137040408497,8.8079833984375,83.69341786886014
2025-05-21,447.0,463.0,446.5,453.0299987792969,452.8328857421875,3932400.0,0.006643875028883084,0.006621901762579051,16.5,82.42573010372871
2025-05-22,453.0,464.7000122070313,448.4500122070313,458.8200073242188,458.620361328125,2713800.0,0.012780599130851389,0.01269961654781283,16.25,80.9896729802303
2025-05-23,460.010009765625,469.8110046386719,458.7900085449219,464.3900146484375,464.1879577636719,3571600.0,0.012139880618085908,0.012066783268129941,11.02099609375,81.13744887368134
2025-05-27,471.6400146484375,476.010009765625,466.0,471.510009765625,471.3048400878906,2942600.0,0.015331897790942017,0.015215551940704617,10.010009765625,82.35130264863969
2025-05-28,468.5400085449219,487.3999938964844,467.5,485.010009765625,484.7989807128906,3318100.0,0.028631449281283805,0.028229228732113754,19.899993896484375,83.55070035731094
2025-05-29,487.25,489.1300048828125,462.0,471.1700134277344,470.9649963378906,4291100.0,-0.028535506313683512,-0.028950558762213505,27.1300048828125,82.81874251952615
2025-05-30,470.0,473.7900085449219,463.3399963378906,472.9800109863281,472.7742004394531,5092500.0,0.003841483158261161,0.003834123503804633,10.45001220703125,82.29932758280277
2025-06-02,475.0,486.2799987792969,472.489990234375,485.1600036621094,484.9489135742188,2514400.0,0.025751644492125525,0.025425655548354655,13.790008544921875,81.45597396314773
2025-06-03,494.0,500.7200012207031,485.0,492.9700012207031,492.7554931640625,3476900.0,0.01609773601162834,0.01596954139150766,15.720001220703125,79.80806821528466
2025-06-04,493.7300109863281,499.4299926757813,486.510009765625,488.1300048828125,487.9176025390625,2193600.0,-0.009818034891777905,-0.009866549603610672,12.919982910156307,76.48240915030688
2025-06-05,491.0700073242188,493.8699951171875,479.5379943847656,484.30999755859375,484.0992736816406,2443700.0,-0.007825765739034152,-0.007856547744079945,14.332000732421875,78.01446770273907
2025-06-06,486.7799987792969,488.9500122070313,478.0,485.0,484.7889709472656,2101100.0,0.0014247021285112016,0.0014236882033470202,10.950012207031307,77.92819585757772
2025-06-09,492.0,492.30999755859375,479.7999877929688,480.0,479.7911376953125,2346900.0,-0.010309296521716416,-0.010362805396031047,12.510009765624943,68.89140166006374
2025-06-10,482.3599853515625,482.6900024414063,458.64599609375,465.30999755859375,465.1075439453125,3944400.0,-0.030604137084592642,-0.031082223255429763,24.044006347656307,57.6618227831037
2025-06-11,469.5199890136719,484.3299865722656,464.0,483.4700012207031,483.2596435546875,3100400.0,0.039027747121447076,0.03828541736343478,20.329986572265625,63.255533952495014
2025-06-12,478.80999755859375,489.7099914550781,478.1000061035156,487.6700134277344,487.4578247070313,2431900.0,0.008687216506355622,0.008649699761859576,11.6099853515625,62.73956468913957
2025-06-13,477.6799926757813,484.62799072265625,474.2099914550781,478.4500122070313,478.2418212890625,2433900.0,-0.018906258040903845,-0.019087266429510596,10.417999267578125,56.014708521397594
2025-06-16,480.0,492.5299987792969,480.0,487.8800048828125,487.667724609375,2134800.0,0.01970949193632987,0.01951777490246095,12.529998779296875,56.867189098954135
2025-06-17,486.7699890136719,494.0199890136719,481.6000061035156,488.6600036621094,488.4473876953125,2160400.0,0.0015987588404831055,0.0015974821860952873,12.41998291015625,51.714095554400245
2025-06-18,486.7900085449219,491.1300048828125,482.010009765625,490.1900024414063,489.9767150878906,2240200.0,0.003130997178210082,0.003126105813784421,9.1199951171875,60.099828409788024
2025-06-20,493.5299987792969,496.010009765625,480.5499877929688,486.9599914550781,486.74810791015625,4002400.0,-0.0065893073656678736,-0.006611112692230465,15.460021972656193,57.313239653830266
2025-06-23,486.6600036621094,500.0400085449219,479.0400085449219,499.8800048828125,499.6625061035156,3098000.0,0.026531994646691315,0.026186125667875346,21.0,57.641193327968004
2025-06-24,505.9599914550781,512.8200073242188,496.7300109863281,510.8399963378906,510.6177368164063,2692600.0,0.0219252607091176,0.02168835868574599,16.089996337890625,58.98261395892471
2025-06-25,516.0,522.969970703125,502.25,502.6700134277344,502.4512939453125,2476000.0,-0.01599326126430678,-0.016122533644701866,20.719970703125,57.07199043921063
2025-06-26,505.0,508.9100036621094,498.80999755859375,506.80999755859375,506.5894775390625,2205700.0,0.008235989524987497,0.008202258840413595,10.100006103515625,60.90961334001662
2025-06-27,507.0,532.5900268554688,503.0,519.6599731445312,519.433837890625,9150300.0,0.025354573912507172,0.025038478540147378,29.59002685546875,65.0329422426891
2025-06-30,524.27001953125,531.3699951171875,516.593994140625,529.1500244140625,528.9197998046875,2030100.0,0.01826211775610176,0.018097368046260404,14.7760009765625,70.51850178871948
2025-07-01,525.1599731445312,528.0,482.2000122070313,506.0,505.7798461914063,6527000.0,-0.04374945619699999,-0.044735325158677335,45.79998779296869,65.86601098662481
2025-07-02,502.5799865722656,511.5199890136719,497.2999877929688,505.0700073242188,504.8502502441406,3389500.0,-0.001837945806393182,-0.0018396369011982156,14.220001220703068,59.729722370215754
2025-07-03,511.739990234375,519.7100219726562,506.0199890136719,517.0399780273438,516.8150024414062,1809200.0,0.023699606351546,0.023423130408539033,13.690032958984375,62.364208809705666
2025-07-07,520.0,531.1900024414062,514.0800170898438,530.280029296875,530.04931640625,2268100.0,0.025607449285190098,0.02528507050148468,17.1099853515625,71.10513705680687
2025-07-08,535.0,537.219970703125,511.5,530.0,529.7694091796875,3130700.0,-0.0005280777050337138,-0.0005282171871720905,25.719970703125,68.53218847222296
2025-07-09,535.5599975585938,545.6300048828125,530.0,535.77001953125,535.5369262695312,2295700.0,0.010886844332469892,0.010828009276268789,15.6300048828125,69.85584141577759
2025-07-10,539.0399780273438,542.3699951171875,520.0,539.3599853515625,539.1253051757812,2506200.0,0.006700525641146982,0.006678176895894538,22.3699951171875,70.37034413654457
2025-07-11,538.0,546.6500244140625,534.6699829101562,539.1599731445312,538.9253540039062,2286500.0,-0.00037088070241819704,-0.00037094949567583043,11.98004150390625,72.18251548467619
2025-07-14,541.4500122070312,555.85498046875,540.0,555.0399780273438,554.7984619140625,2471700.0,0.02945325877179128,0.029027844582054353,15.85498046875,72.86515180239957
2025-07-15,556.8099975585938,560.6300048828125,545.489990234375,559.6099853515625,559.3665161132812,2576900.0,0.008233718210859609,0.008200006077459432,15.1400146484375,71.3472473089425
2025-07-16,559.6199951171875,566.52001953125,552.0,561.1699829101562,560.92578125,1953400.0,0.002787555371660755,0.002783677344324708,14.52001953125,77.17890292150668
2025-07-17,568.6500244140625,581.2650146484375,566.219970703125,570.1699829101562,569.921875,2569400.0,0.016037939511271082,0.01591069049774622,15.0450439453125,78.16495328903903
2025-07-18,570.6099853515625,579.0250244140625,567.0,574.5999755859375,574.3499755859375,2052800.0,0.007769662440027414,0.007739634052806914,12.0250244140625,76.39819361910502
2025-07-21,576.1400146484375,577.625,564.6599731445312,565.9099731445312,565.9099731445312,2146800.0,-0.014694877339893608,-0.014803916580542786,12.96502685546875,67.96180182615272
2025-07-22,558.510009765625,558.510009765625,537.155029296875,548.989990234375,548.989990234375,3938500.0,-0.02989871837058955,-0.030354798884537532,21.35498046875,72.33104919704047
2025-07-23,595.75,633.719970703125,585.0,629.030029296875,629.030029296875,7081300.0,0.1457950791203484,0.13609878827230326,48.719970703125,85.30653808036459
2025-07-24,632.27001953125,633.0700073242188,615.2999877929688,623.969970703125,623.969970703125,3918600.0,-0.008044224215187468,-0.008076753553104566,17.77001953125,81.71113973025355
2025-07-25,630.0,651.219970703125,626.0,644.5900268554688,644.5900268554688,3604500.0,0.03304655211068552,0.03251225408888811,25.219970703125,82.47713957294899
2025-07-28,638.260009765625,648.5180053710938,631.1599731445312,647.6599731445312,647.6599731445312,2920600.0,0.004762633862082533,0.004751328403061227,17.3580322265625,82.9063248008859
2025-07-29,646.989990234375,655.6500244140625,629.989990234375,632.6699829101562,632.6699829101562,2749900.0,-0.02314484583877452,-0.02341689365066234,25.6600341796875,75.7848408412768
2025-07-30,639.9500122070312,656.1699829101562,635.1699829101562,655.0,655.0,2699600.0,0.03529488942581116,0.03468630345572521,21.0,77.976262577589
2025-07-31,660.0,677.2899780273438,656.0700073242188,660.2899780273438,660.2899780273438,3343000.0,0.008076302331822438,0.008043863542082233,21.219970703125,78.59881706369228
2025-08-01,638.1799926757812,664.260009765625,632.4600219726562,656.5,656.5,3077400.0,-0.00573986907792623,-0.00575640543448334,31.79998779296875,75.41247974661306
2025-08-04,659.3599853515625,674.969970703125,653.9500122070312,662.77001953125,662.77001953125,2155900.0,0.009550677123000728,0.00950535773166837,21.01995849609375,75.61984533393178
2025-08-05,661.239990234375,665.1099853515625,643.9600219726562,649.719970703125,649.719970703125,2180200.0,-0.019690161660231298,-0.019886595714864636,21.14996337890625,70.81494551329561
2025-08-06,646.6300048828125,666.2899780273438,644.0,664.5499877929688,664.5499877929688,1894900.0,0.022825244349184315,0.022568645738818897,22.28997802734375,71.59194885406009
2025-08-07,665.77001953125,669.3829956054688,638.52001953125,645.8599853515625,645.8599853515625,2239900.0,-0.028124298825852767,-0.028527362149437855,30.86297607421875,65.31984401118868
2025-08-08,655.22998046875,656.25,639.1699829101562,649.0900268554688,649.0900268554688,1888700.0,0.005001148201104311,0.004988683999047439,17.08001708984375,68.22683618902107
2025-08-11,641.0,653.4199829101562,637.3699951171875,650.760009765625,650.760009765625,1687600.0,0.0025728062996845935,0.0025695022993785952,16.04998779296875,73.8975098662863
2025-08-12,652.739990234375,662.8350219726562,651.0,657.4400024414062,657.4400024414062,1803400.0,0.010264909606518602,0.010212583201142081,11.83502197265625,60.17766955858552
2025-08-13,662.3200073242188,666.1500244140625,614.22998046875,634.3099975585938,634.3099975585938,3936400.0,-0.035181925037903294,-0.035815718771252836,51.9200439453125,53.27963140420672
2025-08-14,627.0,640.280029296875,620.280029296875,625.27001953125,625.27001953125,2534400.0,-0.014251671993406823,-0.0143542023895791,20.0,43.38627699330602
2025-08-15,624.030029296875,624.030029296875,607.8599853515625,621.9099731445312,621.9099731445312,2488200.0,-0.005373752589701519,-0.005388243133862546,16.1700439453125,41.20260238552006
2025-08-18,621.3800048828125,628.5449829101562,614.22998046875,625.02001953125,625.02001953125,1860400.0,0.005000798380822902,0.0049883359195025375,14.31500244140625,47.15551623827422
2025-08-19,620.5499877929688,620.97998046875,595.1900024414062,603.1300048828125,603.1300048828125,3096700.0,-0.035022901610182844,-0.0356509101632966,25.78997802734375,30.649878184840276
2025-08-20,592.6099853515625,607.77001953125,581.22998046875,604.5900268554688,604.5900268554688,3575800.0,0.002420741732025,0.0024178164566980138,26.5400390625,28.60988186761672
2025-08-21,607.02001953125,620.0,605.3099975585938,606.0,606.0,2566600.0,0.0023321144608763333,0.0023293993025010513,14.69000244140625,30.24568738700968
2025-08-22,607.969970703125,623.97998046875,602.5,607.0700073242188,607.0700073242188,2727700.0,0.001765688653826425,0.0017641316581256384,21.47998046875,27.287583082007103
2025-08-25,608.8300170898438,614.4710083007812,597.0339965820312,602.3099975585938,602.3099975585938,2130000.0,-0.00784095690479869,-0.007871858847248133,17.43701171875,29.26619634472837
2025-08-26,603.8499755859375,628.5800170898438,603.0419921875,625.9099731445312,625.9099731445312,2689400.0,0.03918244040709551,0.038434289009683514,25.53802490234375,34.30544923029325
2025-08-27,625.219970703125,629.9349975585938,618.0,622.3900146484375,622.3900146484375,1862900.0,-0.005623745661711865,-0.0056396184570277836,11.93499755859375,39.12723106486021
2025-08-28,626.780029296875,646.9500122070312,626.780029296875,633.6900024414062,633.6900024414062,2256400.0,0.018155798658421096,0.017992950287095865,20.16998291015625,43.36205844221445
2025-08-29,631.8599853515625,635.0,609.3400268554688,612.969970703125,612.969970703125,2266400.0,-0.03269742564732525,-0.03324393241738319,25.65997314453125,36.00887619426391
2025-09-02,590.5499877929688,594.0,567.8599853515625,579.6799926757812,579.6799926757812,5267300.0,-0.05430931304702824,-0.05583973279072764,26.1400146484375,25.94952575625662
2025-09-03,586.2849731445312,586.2849731445312,565.4299926757812,577.0399780273438,577.0399780273438,3657500.0,-0.00455426214772614,-0.00456466439463647,20.85498046875,29.715944710821347
2025-09-04,580.8099975585938,600.3699951171875,580.0599975585938,598.8099975585938,598.8099975585938,3195400.0,0.03772705594103298,0.03703279827853625,20.30999755859375,41.40350640630831
2025-09-05,599.9600219726562,604.5,565.5,582.0800170898438,582.0800170898438,3477700.0,-0.027938712675071753,-0.02833642370601831,39.0,38.094113886545486
2025-09-08,594.4099731445312,606.0,584.9400024414062,600.22998046875,600.22998046875,2513700.0,0.03118121709391164,0.03070495786670395,21.05999755859375,43.201127833393485
2025-09-09,606.3499755859375,607.6900024414062,594.77001953125,605.7000122070312,605.7000122070312,1863900.0,0.009113226456981316,0.009071951584076181,12.91998291015625,50.77461210526645
2025-09-10,625.0,645.1900024414062,623.0,643.5599975585938,643.5599975585938,3878700.0,0.06250616573971901,0.06063042484874452,22.19000244140625,59.63220789314725
2025-09-11,648.75,653.5,620.0999755859375,634.1500244140625,634.1500244140625,4099900.0,-0.014621749611891444,-0.014729700976924415,33.4000244140625,56.693146494301075
2025-09-12,632.1199951171875,646.8800048828125,624.1500244140625,625.5499877929688,625.5499877929688,2640400.0,-0.013561517448556382,-0.013654314762983096,22.72998046875,54.2420312702276
2025-09-15,630.1500244140625,639.8900146484375,624.0999755859375,628.6799926757812,628.6799926757812,1851900.0,0.005003604738057055,0.004991128308643377,15.7900390625,56.098802503404805
2025-09-16,629.5,633.52001953125,608.72998046875,617.9099731445312,617.9099731445312,3104100.0,-0.01713116316205765,-0.017279599235260127,24.7900390625,48.033044704893676
2025-09-17,616.4000244140625,619.114013671875,601.1199951171875,614.7899780273438,614.7899780273438,2058400.0,-0.005049271338525063,-0.00506206198283815,17.9940185546875,48.12770107452056
2025-09-18,622.9600219726562,627.0999755859375,611.0,611.0,611.0,2245600.0,-0.006164671128024102,-0.006183751168281065,16.0999755859375,44.19544614369945
2025-09-19,611.6900024414062,625.6599731445312,596.5059814453125,624.1699829101562,624.1699829101562,4107300.0,0.021554800180288547,0.021325780611236862,29.15399169921875,52.980312503958835
2025-09-22,620.1099853515625,648.5,620.1099853515625,644.3699951171875,644.3699951171875,2566000.0,0.032362998478154825,0.03185034792379621,28.3900146484375,68.50294701243362
2025-09-23,644.6799926757812,644.7210083007812,622.2000122070312,633.4099731445312,633.4099731445312,2427200.0,-0.01700889559679608,-0.01715520831314588,22.52099609375,65.39070431228882
2025-09-24,640.0,642.0,624.1900024414062,628.969970703125,628.969970703125,1617200.0,-0.007009681927431788,-0.007034365163180327,17.80999755859375,59.095288107678094
2025-09-25,614.905029296875,619.7470092773438,593.3800048828125,607.52001953125,607.52001953125,3200500.0,-0.03410329931633482,-0.034698385597663035,26.36700439453125,57.45953806984683
