Date,Open,High,Low,Raw_Close,Adj_Close,Volume,Return,LogReturn,Volatility,RSI_14,Ticker
2023-10-23,69.30000305175781,72.47000122070312,67.6500015258789,71.9000015258789,71.38873291015625,4089800.0,0.0281711699347533,0.0277816608907334,4.819999694824219,37.14038512555704,VLTO
2023-10-24,72.29000091552734,73.70999908447266,71.79000091552734,72.01000213623047,71.49794006347656,3432200.0,0.0015297533499825,0.0015285844692409,1.9199981689453125,37.44033629693339,VLTO
2023-10-25,71.30000305175781,72.33499908447266,69.77999877929688,70.79000091552734,70.28662109375,3298200.0,-0.0169420121565899,-0.0170871698897965,2.555000305175781,41.2524164113587,VLTO
2023-10-26,66.33000183105469,72.2300033569336,65.51000213623047,70.0,69.50223541259766,3537100.0,-0.0111598148971496,-0.011222552830586,6.720001220703125,28.052807651910754,VLTO
2023-10-27,68.63999938964844,69.44000244140625,67.75,67.98999786376953,67.50653839111328,3412000.0,-0.0287141414896512,-0.0291344580226297,1.69000244140625,30.3210713066932,VLTO
2023-10-30,68.4800033569336,69.33000183105469,67.41999816894531,68.36000061035156,67.8739013671875,3393700.0,0.005441887331651,0.0054271337634204,1.910003662109375,30.23808184329218,VLTO
2023-10-31,68.91999816894531,69.7300033569336,67.6500015258789,69.0,68.50935363769531,3370700.0,0.0093622476048653,0.0093186933972391,2.0800018310546875,33.82612354623555,VLTO
2023-11-01,68.16000366210938,69.19000244140625,67.47000122070312,67.51000213623047,67.02993774414062,2503500.0,-0.0215943636160753,-0.0218309338081834,1.720001220703125,31.497755509885778,VLTO
2023-11-02,68.0,70.54000091552734,66.69000244140625,70.27999877929688,69.78023529052734,2848700.0,0.0410308831985619,0.0402114560501875,3.8499984741210938,45.76814675141337,VLTO
2023-11-03,70.47000122070312,71.08999633789062,69.05999755859375,70.80000305175781,70.29655456542969,2225900.0,0.0073992194602479,0.0073719795229266,2.029998779296875,39.79654572869729,VLTO
2023-11-06,70.05000305175781,70.06999969482422,68.08000183105469,68.26000213623047,67.77461242675781,2855000.0,-0.0358757574146046,-0.0365351103262128,1.9899978637695312,33.61433876680678,VLTO
2023-11-07,67.75,70.25,67.36000061035156,70.06999969482422,69.57173919677734,2133600.0,0.0265162234894613,0.026170762017776,2.889999389648437,43.6567041911537,VLTO
2023-11-08,69.80000305175781,70.31999969482422,69.55000305175781,69.80000305175781,69.30365753173828,2053800.0,-0.0038533126831976,-0.0038607558191541,0.7699966430664062,48.5477095264188,VLTO
2023-11-09,69.08999633789062,70.31999969482422,69.08999633789062,69.62999725341797,69.1348648071289,2020500.0,-0.0024355529076092,-0.0024385236912395,1.2300033569335938,49.10071975588003,VLTO
2023-11-10,69.30999755859375,70.77999877929688,69.13999938964844,70.55000305175781,70.04833984375,1645300.0,0.0132129431245651,0.0131264135649397,1.6399993896484375,45.68141036040687,VLTO
2023-11-13,70.27999877929688,73.19999694824219,70.18000030517578,72.9800033569336,72.46105194091797,2964300.0,0.034443530032971,0.0338636299885352,3.0199966430664062,52.70197323219243,VLTO
2023-11-14,73.8499984741211,74.0999984741211,73.01000213623047,73.62999725341797,73.10641479492188,2814500.0,0.0089063412235597,0.0088669136969716,1.089996337890625,58.170272442628416,VLTO
2023-11-15,73.47000122070312,74.63999938964844,73.01000213623047,73.91000366210938,73.38443756103516,3437100.0,0.0038029872876845,0.0037957742132325,1.6299972534179688,61.588620902005225,VLTO
2023-11-16,72.73999786376953,73.05999755859375,70.58000183105469,70.87999725341797,70.3759765625,2446600.0,-0.0409958991105295,-0.0418599278935869,2.4799957275390625,58.0770884400842,VLTO
2023-11-17,70.9000015258789,71.37000274658203,70.05999755859375,70.98999786376953,70.4852066040039,1500400.0,0.0015520927287864,0.0015508894777442,1.3100051879882812,57.45887224189594,VLTO
2023-11-20,71.0,71.3499984741211,70.58000183105469,70.76000213623047,70.25684356689453,1814300.0,-0.0032398718555561,-0.0032451316040563,0.7699966430664062,55.11033606616996,VLTO
2023-11-21,70.80000305175781,72.80000305175781,70.47000122070312,72.30999755859375,71.79581451416016,1767600.0,0.021904925828333,0.0216684598889485,2.3300018310546875,63.88888765367484,VLTO
2023-11-22,72.80000305175781,73.83000183105469,72.33999633789062,72.94000244140625,72.42134094238281,1906300.0,0.0087125751334611,0.0086748396743468,1.4900054931640625,58.78471825714032,VLTO
2023-11-24,72.66000366210938,74.12999725341797,72.2300033569336,74.01000213623047,73.48372650146484,823400.0,0.014669509639807,0.0145629532063207,1.899993896484375,60.22942368843905,VLTO
2023-11-27,73.81999969482422,73.98999786376953,73.0,73.5,72.97735595703125,1649900.0,-0.0068909208683571,-0.006914772901702,0.9899978637695312,69.18008183543586,VLTO
2023-11-28,72.92500305175781,74.53900146484375,72.8499984741211,73.31999969482422,72.79862976074219,2062100.0,-0.0024490637396386,-0.0024520676016743,1.6890029907226562,63.50787276593381,VLTO
2023-11-29,73.4000015258789,75.25,73.23999786376953,74.22000122070312,73.6922378540039,2519200.0,0.0122750674868279,0.0122003397497885,2.0100021362304688,67.45655435621786,VLTO
2023-11-30,74.69999694824219,77.62000274658203,74.69999694824219,77.25,76.70068359375,8454100.0,0.0408244589573505,0.0400131480912165,2.920005798339844,74.5489472837321,VLTO
2023-12-01,77.16999816894531,77.16999816894531,75.97000122070312,76.51000213623047,75.9659423828125,2039400.0,-0.0095793306723197,-0.0096255075929986,1.1999969482421875,69.42627237335374,VLTO
2023-12-04,75.97000122070312,76.91999816894531,75.48999786376953,75.77999877929688,75.24114227294922,1625800.0,-0.0095411191795767,-0.0095869272636244,1.4300003051757812,60.26392730591344,VLTO
2023-12-05,75.4000015258789,76.13999938964844,75.21900177001953,75.55000305175781,75.01277923583984,1411400.0,-0.003035082007141,-0.0030396972092464,0.9209976196289062,57.26177931044905,VLTO
2023-12-06,75.55000305175781,76.48999786376953,75.0199966430664,75.83000183105469,75.29078674316406,2001200.0,0.0037061352766327,0.0036992844787268,1.470001220703125,57.26172962787083,VLTO
2023-12-07,75.80000305175781,76.29000091552734,74.62000274658203,74.62999725341797,74.09931182861328,1296000.0,-0.0158249762831567,-0.0159515281158725,1.6699981689453125,66.46180416178966,VLTO
2023-12-08,74.5999984741211,75.6449966430664,74.2699966430664,75.43000030517578,74.89363098144531,1131300.0,0.0107196562725067,0.0106626080863791,1.375,68.3774666988107,VLTO
2023-12-11,75.0,77.36000061035156,74.6500015258789,76.81999969482422,76.27375030517578,1649000.0,0.0184277261717005,0.0182599931179741,2.709999084472656,72.88517945461953,VLTO
2023-12-12,76.37000274658203,77.87999725341797,75.77999877929688,77.44999694824219,76.8992691040039,2329300.0,0.0082009707969699,0.00816752556711,2.0999984741210938,70.86038647162212,VLTO
2023-12-13,77.16999816894531,78.7040023803711,76.30000305175781,77.73999786376953,77.18719482421875,3854100.0,0.0037441931967576,0.0037372011530173,2.403999328613281,70.03334026051328,VLTO
2023-12-14,78.51000213623047,79.72000122070312,77.62999725341797,79.33000183105469,78.76589965820312,3231000.0,0.0204529370134465,0.0202465846280737,2.090003967285156,71.27999306593327,VLTO
2023-12-15,78.87000274658203,79.93000030517578,78.02999877929688,78.8499984741211,78.289306640625,6727600.0,-0.0060507531767712,-0.0060691331631205,1.9000015258789065,71.45142366999251,VLTO
2023-12-18,79.19000244140625,80.91999816894531,78.43000030517578,80.83999633789062,80.26515197753906,1955000.0,0.025237742185965,0.0249245292916777,2.4899978637695312,76.33049935428326,VLTO
2023-12-19,81.5999984741211,83.62000274658203,80.98999786376953,83.44000244140625,82.84667205810547,2902900.0,0.0321624019510833,0.0316560209102743,2.6300048828125,78.84853036922772,VLTO
2023-12-20,83.55000305175781,83.88500213623047,80.62000274658203,80.63999938964844,80.06658935546875,1704100.0,-0.0335569629240735,-0.0341329193950661,3.264999389648437,60.761933662681386,VLTO
2023-12-21,81.31999969482422,81.9800033569336,79.80999755859375,81.12000274658203,80.54317474365234,919300.0,0.0059523628022635,0.005934717477094,2.170005798339844,64.88060484088996,VLTO
2023-12-22,80.63999938964844,81.79000091552734,80.02999877929688,81.63999938964844,81.05947875976562,712700.0,0.0064102764480855,0.0063898180089704,1.7600021362304688,69.17539039929275,VLTO
2023-12-26,81.69999694824219,82.33499908447266,81.38999938964844,82.12999725341797,81.54598236083984,700200.0,0.0060018101339642,0.0059838710138653,0.9449996948242188,71.17113731571182,VLTO
2023-12-27,82.13999938964844,83.5,81.9800033569336,83.22000122070312,82.62823486328125,1018100.0,0.0132716839151247,0.0131843866576465,1.5199966430664062,72.59936365900771,VLTO
2023-12-28,83.0,83.44000244140625,82.2699966430664,83.04000091552734,82.53878784179688,799300.0,-0.0010825236873615,-0.0010831100393264,1.1700057983398438,77.88670150679786,VLTO
2023-12-29,82.83999633789062,83.36000061035156,81.86000061035156,82.26000213623047,81.76349639892578,675000.0,-0.0093930558364523,-0.0094374487944763,1.5,72.72879181725429,VLTO
2024-01-02,81.0999984741211,82.0,79.94999694824219,81.0199966430664,80.53096771240234,1129600.0,-0.0150743148325006,-0.0151890871867383,2.0500030517578125,64.22381578236315,VLTO
2024-01-03,80.5999984741211,80.9000015258789,77.75,78.05000305175781,77.57889556884766,1198300.0,-0.0366576017575912,-0.0373463766478254,3.1500015258789062,51.96518611468498,VLTO
2024-01-04,77.44999694824219,78.27999877929688,76.56999969482422,76.61000061035156,76.14759063720703,1388500.0,-0.0184496688325552,-0.0186219867358183,1.7099990844726562,47.18035754414673,VLTO
2024-01-05,76.61000061035156,77.63999938964844,76.25,76.9000015258789,76.43583679199219,1899300.0,0.0037853614588865,0.0037782150071238,1.3899993896484375,43.2046650593145,VLTO
2024-01-08,76.47000122070312,77.83999633789062,76.47000122070312,77.51000213623047,77.04216766357422,1555800.0,0.0079325470489983,0.007901249799973,1.3699951171875,46.3901926481961,VLTO
2024-01-09,77.5,77.57499694824219,76.72000122070312,76.73999786376953,76.27679443359375,2100300.0,-0.0099344716431484,-0.0099841477845339,0.8549957275390625,37.585917018123794,VLTO
2024-01-10,76.4000015258789,76.7300033569336,74.99500274658203,76.43000030517578,75.96868133544922,1625000.0,-0.0040394080589316,-0.004047588504535,1.7350006103515625,25.06246058178519,VLTO
2024-01-11,76.4000015258789,76.58999633789062,74.95999908447266,76.08000183105469,75.62078857421875,1020100.0,-0.00457942345602,-0.0045899411378444,1.6299972534179688,30.42919285198032,VLTO
2024-01-12,76.20999908447266,76.41999816894531,75.0,75.76000213623047,75.30272674560547,1066100.0,-0.0042060104715929,-0.0042148806143159,1.4199981689453125,26.604562763544223,VLTO
2024-01-16,74.36000061035156,75.27999877929688,73.91000366210938,74.55000305175781,74.10002136230469,1342700.0,-0.0159716046852309,-0.0161005253190353,1.3699951171875,20.724444746838444,VLTO
2024-01-17,74.47000122070312,75.9800033569336,74.2699966430664,75.87999725341797,75.4219970703125,1469100.0,0.0178404227651183,0.0176831502074035,1.7100067138671875,25.930750339591413,VLTO
2024-01-18,75.83999633789062,76.58000183105469,75.02999877929688,76.01000213623047,75.55120849609375,1253400.0,0.0017131795868623,0.001711713768615,1.5500030517578125,19.93247448344536,VLTO
2024-01-19,75.87000274658203,77.68000030517578,75.87000274658203,77.55000305175781,77.08191680908203,1280800.0,0.0202605404130289,0.0200580264565167,1.80999755859375,29.345393450642437,VLTO
2024-01-22,77.66000366210938,79.76000213623047,77.5,79.69000244140625,79.2090072631836,1496100.0,0.027595194076063,0.0272213093995867,2.2600021362304688,41.22868879085412,VLTO
2024-01-23,80.5,80.5,78.86000061035156,78.88999938964844,78.41383361816406,1202800.0,-0.0100389295674095,-0.010089659422026,1.6399993896484375,42.50532735193472,VLTO
2024-01-24,79.5,79.5,76.22000122070312,76.26000213623047,75.79969787597656,1338600.0,-0.0333376857317935,-0.0339060541669832,3.279998779296875,43.547236553825925,VLTO
2024-01-25,76.44999694824219,76.94000244140625,75.98999786376953,76.69999694824219,76.23703002929688,1081000.0,0.0057695764702898,0.005752996207461,0.9500045776367188,50.34958153393621,VLTO
2024-01-26,77.06999969482422,78.0999984741211,76.44000244140625,76.98999786376953,76.5252914428711,997600.0,0.003781120716054,0.0037739902475753,1.6599960327148438,50.34964075716831,VLTO
2024-01-29,76.62999725341797,77.95999908447266,76.05999755859375,77.9000015258789,77.42980194091797,1044100.0,0.0118197589449511,0.01175045119357,1.9000015258789065,51.4805886919485,VLTO
2024-01-30,77.73999786376953,78.37000274658203,76.82499694824219,78.33000183105469,77.85721588134766,1199100.0,0.0055200185163306,0.0055048390491264,1.5450057983398438,56.19647419962944,VLTO
2024-01-31,78.33000183105469,78.5999984741211,76.61000061035156,76.69000244140625,76.22710418701172,2405800.0,-0.0209371947851331,-0.0211594860937105,1.9899978637695312,50.91804785817744,VLTO
2024-02-01,76.75,77.12999725341797,75.16999816894531,76.79000091552734,76.32649993896484,1508000.0,0.0013039423839225,0.0013030929893464,1.959999084472656,52.5521006636637,VLTO
2024-02-02,76.69000244140625,77.12999725341797,75.33999633789062,76.83999633789062,76.37619018554688,1069200.0,0.0006510222088234,0.0006508103857945,1.7900009155273438,53.958865234657466,VLTO
2024-02-05,76.06999969482422,76.61000061035156,75.48999786376953,75.7699966430664,75.31266021728516,1323400.0,-0.0139248889696906,-0.0140227497653345,1.1200027465820312,54.51851978200985,VLTO
2024-02-06,75.20999908447266,77.72000122070312,75.05000305175781,77.62000274658203,77.15149688720703,1552900.0,0.024416036621421,0.0241227298687099,2.6699981689453125,56.205417781478765,VLTO
2024-02-07,80.23999786376953,82.95999908447266,79.4280014038086,81.16000366210938,80.67012786865234,2520300.0,0.0456067752851176,0.0445973631128469,3.5319976806640625,64.77336831661455,VLTO
2024-02-08,81.7300033569336,83.88999938964844,81.5,82.55999755859375,82.06167602539062,2085600.0,0.0172498568367711,0.0171027671641116,2.389999389648437,64.48812217571216,VLTO
2024-02-09,82.56999969482422,83.55000305175781,81.98999786376953,82.12999725341797,81.63426208496094,1319500.0,-0.0052084476107634,-0.0052220588568995,1.5600051879882812,57.83048302302862,VLTO
2024-02-12,82.52999877929688,83.79000091552734,82.04000091552734,83.5,82.99600219726562,1681800.0,0.0166809875844464,0.0165433880006375,1.75,64.27239976426304,VLTO
2024-02-13,81.91999816894531,83.77999877929688,81.22599792480469,82.19000244140625,81.69391632080078,1068900.0,-0.0156885373029177,-0.0158129048828464,2.5540008544921875,69.99327663067585,VLTO
2024-02-14,83.04000091552734,84.45500183105469,82.9000015258789,84.22000122070312,83.71165466308594,1414000.0,0.024698758893646,0.0243986756328397,1.5550003051757812,72.89892455827234,VLTO
2024-02-15,84.69999694824219,87.02999877929688,84.31500244140625,86.58999633789062,86.06735229492188,1767700.0,0.0281406172332503,0.0277519448703362,2.714996337890625,75.94594964643969,VLTO
2024-02-16,86.41999816894531,86.69999694824219,85.80000305175781,86.08999633789062,85.57035827636719,1486200.0,-0.0057744778397698,-0.0057912145987269,0.899993896484375,72.63676800112697,VLTO
2024-02-20,85.1500015258789,86.13999938964844,85.01000213623047,85.7699966430664,85.25230407714844,1534400.0,-0.0037168735251934,-0.0037237982638384,1.1299972534179688,70.68965002012851,VLTO
2024-02-21,84.16000366210938,85.54000091552734,83.33999633789062,85.36000061035156,84.84477233886719,869100.0,-0.004780301748941,-0.0047917639344053,2.2000045776367188,75.880612390323,VLTO
2024-02-22,86.04000091552734,86.58499908447266,85.69999694824219,85.94000244140625,85.42127227783203,1006600.0,0.0067947608682632,0.006771780519222,0.8850021362304688,76.55254198931011,VLTO
2024-02-23,86.41000366210938,87.40499877929688,86.36000061035156,86.70999908447266,86.18663024902344,1152700.0,0.0089598053363344,0.008919904439572,1.0449981689453125,77.49307046869373,VLTO
2024-02-26,86.77999877929688,87.44000244140625,86.16000366210938,86.30999755859375,85.78904724121094,893800.0,-0.0046130473678311,-0.0046237203066707,1.279998779296875,80.49767796184796,VLTO
2024-02-27,87.58000183105469,87.87000274658203,86.78500366210938,87.79000091552734,87.2601089477539,1836600.0,0.0171474302821759,0.0170020724224008,1.0849990844726562,80.07094709607135,VLTO
2024-02-28,87.58999633789062,88.80999755859375,86.8499984741211,87.56999969482422,87.04143524169922,1064500.0,-0.0025059985449435,-0.0025091438150909,1.959999084472656,73.58349364423293,VLTO
2024-02-29,87.9000015258789,87.9000015258789,86.01100158691406,86.41999816894531,85.89836883544922,2953400.0,-0.0131324397751013,-0.0132194327214588,1.888999938964844,64.46771453017321,VLTO
2024-03-01,85.69999694824219,87.04000091552734,85.69999694824219,86.76000213623047,86.236328125,816800.0,0.0039344086987052,0.0039266891540719,1.3400039672851562,67.47171861820945,VLTO
2024-03-04,87.2300033569336,88.44499969482422,86.88999938964844,87.73999786376953,87.21040344238281,1522800.0,0.011295417355559,0.0112321004765424,1.5550003051757812,66.48519886451811,VLTO
2024-03-05,87.37000274658203,88.79000091552734,86.83000183105469,88.5,87.96581268310547,1683500.0,0.0086619165937207,0.0086246174276011,1.959999084472656,75.62949023481099,VLTO
2024-03-06,88.81999969482422,89.62000274658203,88.08000183105469,88.87000274658203,88.3335952758789,1298400.0,0.0041809719202887,0.0041722559429151,1.5400009155273438,71.8309615530146,VLTO
2024-03-07,89.2699966430664,90.5500030517578,89.19000244140625,89.31999969482422,88.78086853027344,934500.0,0.0050634557893589,0.0050506796067019,1.3600006103515483,65.63567719461136,VLTO
2024-03-08,89.44999694824219,90.51000213623048,88.87999725341797,89.26000213623047,88.72123718261719,698900.0,-0.0006716688926726,-0.0006718945632796,1.6300048828125142,69.11950430914754,VLTO
2024-03-11,88.87000274658203,89.16999816894531,87.33000183105469,88.76000213623047,88.22425079345703,1085500.0,-0.0056016620703472,-0.0056174102173898,1.839996337890625,67.65046249097175,VLTO
2024-03-12,89.33999633789062,89.56300354003906,88.4000015258789,88.43000030517578,87.89624786376953,1316800.0,-0.0037178318516457,-0.0037247601660204,1.1630020141601562,68.29561495878073,VLTO
2024-03-13,88.4000015258789,89.6050033569336,87.88999938964844,89.0999984741211,88.56219482421875,1281100.0,0.0075765118151729,0.007547954203545,1.7150039672851562,68.63206373027776,VLTO
2024-03-14,88.93000030517578,89.13999938964844,87.66000366210938,88.2300033569336,87.69745635986328,1124700.0,-0.009764194147083,-0.0098121764854761,1.4799957275390625,58.85783502876615,VLTO
2024-03-15,87.01000213623047,88.2699966430664,85.9000015258789,86.5,85.97789764404297,5058400.0,-0.0196078516663489,-0.0198026359958556,2.3699951171875,50.95861529989211,VLTO
2024-03-18,87.45999908447266,87.68499755859375,86.71499633789062,87.02999877929688,86.50469970703125,2674800.0,0.0061271800942295,0.0061084852518553,0.970001220703125,45.75894253050805,VLTO
2024-03-19,87.31999969482422,87.7300033569336,87.0,87.44000244140625,86.91222381591797,1697500.0,0.0047110054166639,0.0046999433593156,0.7300033569335938,49.28963783945211,VLTO
2024-03-20,87.37999725341797,88.62000274658203,87.2979965209961,88.12000274658203,87.5881118774414,1736100.0,0.0077766743485356,0.0077465918769762,1.3220062255859375,59.7926839836793,VLTO
2024-03-21,89.1500015258789,90.3499984741211,88.43199920654297,89.9000015258789,89.35736846923828,1733500.0,0.0201997343460551,0.0199984261126689,1.917999267578125,65.51386224749457,VLTO
2024-03-22,90.69000244140624,90.69000244140624,88.95500183105469,89.45999908447266,88.92003631591797,1495400.0,-0.0048941923963535,-0.0049062081770197,1.7350006103515483,58.97715299839354,VLTO
2024-03-25,89.30000305175781,90.0,88.9000015258789,89.4000015258789,88.86038970947266,1350800.0,-0.0006707892722107,-0.0006710143519943,1.0999984741210938,55.06763823699746,VLTO
2024-03-26,89.55000305175781,90.19000244140624,89.1500015258789,89.26000213623047,88.72123718261719,1518800.0,-0.001565968001158,-0.001567195410605,1.0400009155273295,52.25432438596071,VLTO
2024-03-27,89.55000305175781,90.62999725341795,88.73999786376953,89.73999786376953,89.28836059570312,1395700.0,0.0063921945984433,0.0063718511693,1.8899993896484235,52.910735914975255,VLTO
2024-03-28,89.76000213623047,89.8499984741211,88.62999725341797,88.66000366210938,88.21379852294922,1546500.0,-0.0120347385211776,-0.0121077422989483,1.220001220703125,47.39307700086465,VLTO
2024-04-01,88.58999633789062,88.66000366210938,87.30999755859375,87.54000091552734,87.09944152832031,1172600.0,-0.0126324567503914,-0.0127129246216695,1.350006103515625,44.56608193686923,VLTO
2024-04-02,87.30999755859375,87.30999755859375,86.55000305175781,86.58000183105469,86.1442642211914,1424200.0,-0.0109665147143145,-0.0110270902119724,0.7599945068359375,42.01980002585513,VLTO
2024-04-03,86.44999694824219,87.79000091552734,85.91000366210938,87.25,86.81089782714844,3038000.0,0.0077385721728997,0.0077087830082949,1.8799972534179688,42.02342661911104,VLTO
2024-04-04,88.12000274658203,88.12000274658203,86.5999984741211,86.69000244140625,86.25372314453125,1543300.0,-0.0064182573451387,-0.0064389429165295,1.5200042724609375,43.23473450963596,VLTO
2024-04-05,86.95999908447266,87.58000183105469,86.58999633789062,87.08999633789062,86.65169525146484,1993800.0,0.004613970184994,0.0046033584535154,0.9900054931640624,53.6037344736971,VLTO
2024-04-08,87.44999694824219,88.13999938964844,87.05000305175781,87.66999816894531,87.2287826538086,923800.0,0.0066598512662565,0.0066377724304421,1.089996337890625,53.851960864691286,VLTO
2024-04-09,88.01000213623047,89.68000030517578,87.58000183105469,89.19999694824219,88.7510757446289,1215100.0,0.017451729171344,0.0173011965914276,2.0999984741210938,58.74506366260633,VLTO
2024-04-10,87.7300033569336,88.58999633789062,87.33000183105469,88.19999694824219,87.75611114501953,1142500.0,-0.0112107328419576,-0.0112740467489851,1.2599945068359375,50.775424194361726,VLTO
2024-04-11,88.29000091552734,88.94000244140625,86.25,87.41000366210938,86.9700927734375,1241000.0,-0.0089568505409625,-0.0089972042690286,2.69000244140625,37.881227861034105,VLTO
2024-04-12,86.63999938964844,87.76000213623047,86.04000091552734,87.37000274658203,86.93030548095703,1299000.0,-0.0004574824656576,-0.0004575871426873,1.720001220703125,39.4744956355952,VLTO
2024-04-15,88.47000122070312,90.7699966430664,88.47000122070312,89.86000061035156,89.40776062011719,2158300.0,0.028499326275839,0.0281007750555694,2.299995422363281,52.30573733138021,VLTO
2024-04-16,89.66999816894531,91.37000274658205,89.47000122070312,90.88999938964844,90.4325714111328,2097700.0,0.0114622129433474,0.011397019481833,1.9000015258789205,56.70826459825413,VLTO
2024-04-17,91.58000183105467,92.1500015258789,90.0989990234375,90.5500030517578,90.09429168701172,2265100.0,-0.0037406845657762,-0.0037476984228344,2.0510025024414062,53.21688573424538,VLTO
2024-04-18,90.5500030517578,90.6500015258789,88.41999816894531,88.80000305175781,88.35310363769531,2378100.0,-0.0193262860133837,-0.0195154802604874,2.2300033569335938,50.52794289345898,VLTO
2024-04-19,88.83000183105469,89.6500015258789,88.41000366210938,88.88999938964844,88.44264221191406,5196800.0,0.0010134174186557,0.0010129042578916,1.2399978637695312,55.51922524693813,VLTO
2024-04-22,89.13999938964844,91.47000122070312,88.12999725341797,91.2300033569336,90.77086639404295,1995500.0,0.0263246791807771,0.0259841481316332,3.340003967285156,67.08314036493283,VLTO
2024-04-23,91.77999877929688,93.84500122070312,91.4000015258789,93.72000122070312,93.24832916259766,2554700.0,0.027293589529044,0.0269277611048165,2.4449996948242188,70.96574930264669,VLTO
2024-04-24,93.44000244140624,95.4000015258789,88.73999786376953,92.4000015258789,91.93497467041016,3370000.0,-0.0140844828425547,-0.0141846104465479,6.660003662109375,67.63439765270337,VLTO
2024-04-25,92.63999938964844,94.11000061035156,90.86000061035156,93.79000091552734,93.31798553466795,1921400.0,0.01504335938761,0.0149313301898196,3.25,69.49951706690901,VLTO
2024-04-26,93.55999755859376,94.33999633789062,92.6050033569336,94.12000274658205,93.64632415771484,1151400.0,0.0035184924017128,0.0035123169885127,1.7349929809570312,69.04911154269816,VLTO
2024-04-29,94.1500015258789,95.55999755859376,94.0199966430664,94.88999938964844,94.41244506835938,1869000.0,0.0081810035528384,0.0081477205456546,1.540000915527358,67.59440030842788,VLTO
2024-04-30,94.52999877929688,95.44000244140624,93.5999984741211,93.68000030517578,93.20852661132812,1287900.0,-0.0127516923871587,-0.0128336930606143,1.840003967285142,66.72775796796759,VLTO
2024-05-01,93.63999938964844,95.20999908447266,93.4499969482422,94.37999725341795,93.9050064086914,1091900.0,0.0074722755812624,0.0074444964265865,1.7600021362304543,71.39352978307873,VLTO
2024-05-02,94.4000015258789,95.0,93.11000061035156,93.8499984741211,93.37767791748048,1265900.0,-0.0056155524756145,-0.0056313789678929,1.8899993896484373,69.30870067092758,VLTO
2024-05-03,94.80999755859376,96.12999725341795,94.5199966430664,95.88999938964844,95.40741729736328,939900.0,0.0217368800033399,0.0215040026686153,1.6100006103515483,68.46298724990392,VLTO
2024-05-06,96.9000015258789,97.23999786376952,96.0199966430664,96.98999786376952,96.50187683105467,632600.0,0.0114714302587208,0.011406132302122,1.2200012207031108,68.59759860853958,VLTO
2024-05-07,97.04000091552734,97.38999938964844,96.13999938964844,97.2699966430664,96.78046417236328,1240900.0,0.002886859307372,0.0028827003313715,1.25,70.56302957948999,VLTO
2024-05-08,96.69000244140624,96.9000015258789,96.27999877929688,96.7300033569336,96.2431869506836,1039000.0,-0.0055515049062258,-0.0055669717790955,0.6200027465820312,76.20621376011908,VLTO
2024-05-09,96.69000244140624,97.45999908447266,95.87999725341795,95.94000244140624,95.45716094970705,1860600.0,-0.0081670820125617,-0.0082006153312436,1.5800018310547017,72.26784962607069,VLTO
2024-05-10,96.37000274658205,96.81999969482422,95.47000122070312,96.5,96.01434326171876,1521600.0,0.0058369880946416,0.0058200188803479,1.3499984741210938,68.75445138959776,VLTO
2024-05-13,96.70999908447266,96.70999908447266,95.70500183105467,95.87000274658205,95.38752746582033,1273800.0,-0.0065283558123169,-0.0065497587285452,1.004997253417983,58.8187894132634,VLTO
2024-05-14,96.16999816894533,97.2300033569336,95.23500061035156,96.94000244140624,96.45213317871094,1310900.0,0.0111608481860701,0.011099025490467,1.9950027465820312,69.0117852112971,VLTO
2024-05-15,97.75,99.37000274658205,97.73999786376952,98.9000015258789,98.40226745605467,1425500.0,0.020218674414701,0.0200169909997186,1.6300048828125284,70.42370154248825,VLTO
2024-05-16,98.68000030517578,99.1999969482422,98.41000366210938,98.4499969482422,97.95452117919922,1261200.0,-0.0045501621906772,-0.0045605456883627,0.7899932861328267,67.14170186982514,VLTO
2024-05-17,98.3000030517578,98.94000244140624,97.41999816894533,98.5999984741211,98.10377502441406,1319400.0,0.0015237055259735,0.0015225458645475,1.520004272460909,65.44547109915912,VLTO
2024-05-20,98.73999786376952,99.79000091552734,97.33999633789062,98.62000274658205,98.1236801147461,1278000.0,0.0002028983117834,0.0002028777307048,2.4500045776367188,72.82817681163341,VLTO
2024-05-21,98.62000274658205,99.75,98.1500015258789,99.52999877929688,99.02908325195312,882100.0,0.0092271624560784,0.0091848522621223,1.5999984741210938,73.34545290226617,VLTO
2024-05-22,99.54000091552734,100.91999816894533,99.51000213623048,100.76000213623048,100.25289916992188,1207400.0,0.0123581464937434,0.0122824079549216,1.4099960327148438,79.45441530722654,VLTO
2024-05-23,100.87999725341795,101.0500030517578,99.81500244140624,99.86000061035156,99.35743713378906,1175400.0,-0.0089320313282418,-0.0089721610587919,1.2350006103515625,68.74414852906793,VLTO
2024-05-24,100.0999984741211,102.30999755859376,99.79499816894533,102.19000244140624,101.67570495605467,1867300.0,0.0233326048773174,0.0230645610844731,2.514999389648437,71.99666552057462,VLTO
2024-05-28,102.01000213623048,102.58000183105467,100.29000091552734,100.66999816894533,100.1633529663086,2062300.0,-0.014874271001118,-0.0149860023021189,2.290000915527329,63.01687077482039,VLTO
2024-05-29,99.79000091552734,100.95999908447266,98.4499969482422,98.54000091552734,98.04407501220705,1613500.0,-0.0211582169659835,-0.0213852603046867,2.5100021362304545,56.177474617097474,VLTO
2024-05-30,98.80999755859376,99.52999877929688,97.98999786376952,99.2300033569336,98.73059844970705,1786100.0,0.0070021919979816,0.0069777904947131,1.540000915527358,61.30584728505364,VLTO
2024-05-31,99.45999908447266,100.44499969482422,98.06500244140624,98.58000183105467,98.08387756347656,6836500.0,-0.006550359223842,-0.0065719069753757,2.379997253417983,57.103851182045965,VLTO
2024-06-03,100.8499984741211,101.20999908447266,97.31999969482422,98.91999816894533,98.4221649169922,1350100.0,0.0034489598282521,0.0034430258065243,3.8899993896484375,60.62715144804949,VLTO
2024-06-04,98.5199966430664,100.47000122070312,98.41999816894533,100.44000244140624,99.93450927734376,1233000.0,0.0153658920389228,0.0152490323021392,2.0500030517577983,61.82430962126323,VLTO
2024-06-05,100.56999969482422,100.98999786376952,99.61100006103516,100.8000030517578,100.2927017211914,762000.0,0.0035842718039829,0.0035778636097089,1.3789978027343608,57.19696463602303,VLTO
2024-06-06,100.91000366210938,101.70999908447266,98.73200225830078,99.30999755859376,98.8102035522461,1119700.0,-0.0147817153541898,-0.0148920535841738,2.977996826171875,53.01970633277834,VLTO
2024-06-07,98.69499969482422,100.0199966430664,98.30999755859376,99.22000122070312,98.7206573486328,1062000.0,-0.0009062445010139,-0.0009066553888237,1.709999084472642,52.18619304558295,VLTO
2024-06-10,98.87999725341795,100.02999877929688,98.34500122070312,99.8499984741211,99.34748840332033,943800.0,0.0063495429581053,0.0063294695367751,1.68499755859375,54.158222266464094,VLTO
2024-06-11,99.44000244140624,100.1999969482422,98.2699966430664,100.19000244140624,99.68578338623048,798200.0,0.0034051689513958,0.0033993844912586,1.9300003051757957,52.32075519517536,VLTO
2024-06-12,101.0,101.45999908447266,99.61000061035156,101.12999725341795,100.62104034423828,833400.0,0.0093820495384397,0.0093383114673464,1.8499984741210935,51.3280844460567,VLTO
2024-06-13,100.73999786376952,101.1500015258789,99.62000274658205,101.01000213623048,100.50164794921876,708900.0,-0.0011865549651549,-0.0011872594788489,1.5299987792968608,54.37262889537581,VLTO
2024-06-14,100.36000061035156,100.98999786376952,99.51000213623048,100.75,100.24295043945312,918100.0,-0.0025740623665828,-0.0025773809611859,1.479995727539034,43.50178481708228,VLTO
2024-06-17,100.0500030517578,101.4000015258789,99.7249984741211,100.56999969482422,100.06385803222656,925200.0,-0.0017865835596562,-0.0017881814034686,1.6750030517578125,49.4866608986052,VLTO
2024-06-18,100.5999984741211,101.61000061035156,100.29000091552734,101.22000122070312,100.71058654785156,999300.0,0.0064631579107885,0.006442361265603,1.3199996948242188,66.22280108763141,VLTO
2024-06-20,100.43000030517578,101.0999984741211,99.55999755859376,100.27999877929688,99.77531433105467,1734400.0,-0.00928673190035,-0.009330122441526,1.5400009155273295,56.169225820345126,VLTO
2024-06-21,100.0,100.06999969482422,98.20999908447266,98.87000274658205,98.3724136352539,3259700.0,-0.0140605991091737,-0.0141603858109893,1.8600006103515625,51.56416341514458,VLTO
2024-06-24,99.45999908447266,100.7300033569336,98.91999816894533,99.75,99.24798583984376,1377500.0,0.0089005867827571,0.0088612100384871,1.810005187988267,54.23037119023498,VLTO
2024-06-25,99.5500030517578,100.2699966430664,98.58999633789062,98.9499969482422,98.45201110839844,1040100.0,-0.0080200592960122,-0.0080523929662412,1.6800003051757812,41.804195544637935,VLTO
2024-06-26,98.41999816894533,98.86000061035156,98.1999969482422,98.37999725341795,97.88488006591795,1441300.0,-0.0057604820469949,-0.0057771376172434,0.6600036621093608,36.98923348125137,VLTO
2024-06-27,98.7699966430664,98.84500122070312,97.27999877929688,97.61000061035156,97.11875915527344,1353600.0,-0.0078267543478481,-0.0078575441510339,1.56500244140625,40.09323134367715,VLTO
2024-06-28,97.87000274658205,98.04900360107422,95.45999908447266,95.47000122070312,95.0771942138672,9333700.0,-0.0210213243987413,-0.02124541850575,2.5890045166015625,32.63169992260666,VLTO
2024-07-01,96.0199966430664,96.29000091552734,94.91999816894533,95.4499969482422,95.0572738647461,1486900.0,-0.0002095176375976,-0.0002095395894841,1.370002746582017,28.292606097851877,VLTO
2024-07-02,95.0999984741211,95.58000183105467,93.7699966430664,94.3499984741211,93.9617919921875,2085400.0,-0.0115244402455442,-0.0115913612553163,1.810005187988267,23.099285831584154,VLTO
2024-07-03,94.72000122070312,95.87999725341795,94.63999938964844,95.33000183105467,94.93777465820312,1198600.0,0.0103870163108081,0.0103334419228962,1.239997863769517,23.392533505926167,VLTO
2024-07-05,94.48999786376952,95.7750015258789,94.0,95.5999984741211,95.20664978027344,933100.0,0.0028321194913016,0.0028281165968976,1.7750015258789062,25.552479181637597,VLTO
2024-07-08,96.1500015258789,96.1500015258789,95.2300033569336,95.9000015258789,95.5054168701172,1204800.0,0.0031380905696534,0.0031331770401584,0.9199981689453124,28.20698378293405,VLTO
2024-07-09,96.05999755859376,96.37999725341795,95.43000030517578,95.6999969482422,95.30624389648438,838200.0,-0.0020854625858938,-0.0020876401910618,0.9499969482421732,28.1549690885755,VLTO
2024-07-10,95.70999908447266,96.2300033569336,95.20999908447266,95.80999755859376,95.4157943725586,1132400.0,0.0011494574919268,0.0011487973714691,1.0200042724609375,24.426945342123147,VLTO
2024-07-11,96.01000213623048,98.0999984741211,95.83000183105467,97.0999984741211,96.7004852294922,1976800.0,0.0134641320693451,0.0133742961202227,2.2699966430664205,35.63393013729316,VLTO
2024-07-12,98.16000366210938,99.62999725341795,98.01000213623048,98.76000213623048,98.3536605834961,1052600.0,0.0170958330775747,0.0169513437750049,1.6199951171874716,49.91438511234429,VLTO
2024-07-15,99.0,99.3550033569336,97.93199920654295,98.01000213623048,97.60674285888672,1088600.0,-0.0075942036135532,-0.0076231864052013,1.4230041503906392,42.41802859791275,VLTO
2024-07-16,98.5,99.88999938964844,98.5,99.1999969482422,98.79183959960938,1111700.0,0.0121415458195954,0.0120684284954069,1.3899993896484375,51.515407195513454,VLTO
2024-07-17,99.5,99.81500244140624,97.51000213623048,98.04000091552734,97.63661193847656,1527500.0,-0.0116935534940416,-0.011762460798285,2.305000305175753,48.94806497099354,VLTO
2024-07-18,98.5,99.36499786376952,98.18000030517578,98.62999725341795,98.22418212890624,849500.0,0.0060179289178932,0.0059998935047151,1.1849975585937358,54.75573714746357,VLTO
2024-07-19,98.8000030517578,99.26000213623048,98.26000213623048,98.45999908447266,98.05489349365234,1011400.0,-0.0017234924392826,-0.0017249793610879,1.0,65.27069484277114,VLTO
2024-07-22,98.94000244140624,99.76000213623048,98.0999984741211,99.52999877929688,99.12047576904295,930700.0,0.0108672013953041,0.0108085776968362,1.6600036621093892,68.81917098006176,VLTO
2024-07-23,98.91000366210938,100.87000274658205,98.875,100.44000244140624,100.0267333984375,971600.0,0.009142991116247,0.0091014470059247,1.9950027465820452,78.59161109792328,VLTO
2024-07-24,100.31999969482422,100.79000091552734,98.96399688720705,99.3000030517578,98.89143371582033,1364100.0,-0.0113499625954486,-0.0114148649813322,1.8260040283202983,68.36268259426309,VLTO
2024-07-25,99.02999877929688,101.58999633789062,98.91999816894533,99.61000061035156,99.20015716552734,1687400.0,0.0031218421870005,0.0031169793557129,2.6699981689452983,68.47935605726293,VLTO
2024-07-26,104.0,107.86000061035156,104.0,104.87000274658205,104.43851470947266,3164700.0,0.0528059399664506,0.0514589236383969,3.8600006103515625,78.36820649342911,VLTO
2024-07-29,106.08000183105467,106.89800262451172,104.94000244140624,105.0999984741211,104.66756439208984,2195500.0,0.0021931533903403,0.0021907519399685,1.958000183105483,79.67177927610955,VLTO
2024-07-30,105.16999816894533,107.5,105.16999816894533,107.05999755859376,106.61949920654295,1702100.0,0.018648898785311,0.0184771401921391,2.3300018310546733,81.7976820586909,VLTO
2024-07-31,107.23999786376952,107.76599884033205,106.1500015258789,106.55999755859376,106.1215591430664,1486100.0,-0.0046702532574453,-0.0046811929642797,1.6159973144531392,77.98822935842627,VLTO
2024-08-01,106.72000122070312,107.33999633789062,105.71499633789062,106.6999969482422,106.260986328125,1531200.0,0.0013138441065554,0.001312981768623,1.625,75.81280412754231,VLTO
2024-08-02,105.86000061035156,106.48999786376952,103.0500030517578,104.83999633789062,104.40863037109376,1698800.0,-0.0174321359234452,-0.0175858647726851,3.4399948120117188,70.70954002338715,VLTO
2024-08-05,102.55999755859376,103.75,101.61000061035156,101.98999786376952,101.57036590576172,1773500.0,-0.0271841940196337,-0.0275605199783343,2.139999389648437,57.68598445949058,VLTO
2024-08-06,102.33999633789062,105.02999877929688,101.76000213623048,104.12000274658205,103.6916046142578,1612900.0,0.0208844251921291,0.0206693351181178,3.269996643066392,65.89963858993985,VLTO
2024-08-07,105.12000274658205,106.5999984741211,103.96099853515624,104.2300033569336,103.80113983154295,1183700.0,0.0010563556971909,0.0010557981461251,2.638999938964858,65.02149706365036,VLTO
2024-08-08,104.54000091552734,107.33000183105467,103.72000122070312,107.23999786376952,106.79875946044922,1173600.0,0.0288784847042242,0.028469359212212,3.610000610351548,70.4376287075074,VLTO
2024-08-09,106.76000213623048,107.08999633789062,105.65499877929688,106.0999984741211,105.6634521484375,1466900.0,-0.0106303417544111,-0.0106872474814975,1.43499755859375,65.24365467616698,VLTO
2024-08-12,105.9000015258789,107.45500183105467,105.45999908447266,106.48999786376952,106.05184173583984,781900.0,0.0036757230575499,0.0036689840962073,1.995002746582017,64.38423532266053,VLTO
2024-08-13,106.8000030517578,108.47000122070312,106.45999908447266,108.08999633789062,107.64525604248048,1061800.0,0.0150248621858883,0.0149131069581808,2.0100021362304688,70.45136704163247,VLTO
2024-08-14,108.06999969482422,108.88500213623048,107.88999938964844,108.51000213623048,108.06353759765624,771600.0,0.0038857407242423,0.0038782107338445,0.9950027465820456,70.60186096495661,VLTO
2024-08-15,109.51000213623048,109.5199966430664,108.3000030517578,108.97000122070312,108.52164459228516,1029700.0,0.0042392374413517,0.0042302771884769,1.219993591308608,62.202386923903376,VLTO
2024-08-16,108.91999816894533,109.26000213623048,108.18599700927734,108.72000122070312,108.27266693115234,942800.0,-0.0022942673055519,-0.0022969031691421,1.0740051269531392,60.76099036236771,VLTO
2024-08-19,109.23999786376952,109.7750015258789,108.98999786376952,109.58000183105467,109.1291275024414,1113400.0,0.0079102195924818,0.0078790978177977,0.7850036621093892,58.01525750326277,VLTO
2024-08-20,109.58000183105467,109.9000015258789,109.2300033569336,109.4000015258789,108.94988250732422,927900.0,-0.0016425036946545,-0.0016438540827288,0.6699981689453125,59.22081462459992,VLTO
2024-08-21,110.0,110.13999938964844,109.33999633789062,109.81999969482422,109.3681411743164,1103600.0,0.0038390006245676,0.00383165046717,0.8000030517578125,59.948972736764496,VLTO
2024-08-22,110.16999816894533,111.3499984741211,109.94000244140624,110.83000183105467,110.37399291992188,1223300.0,0.0091969355500181,0.0091549012661027,1.409996032714858,70.19561978638238,VLTO
2024-08-23,111.5,112.1500015258789,111.01399993896484,111.77999877929688,111.32008361816406,874100.0,0.0085716813645455,0.0085351530945395,1.1360015869140625,87.8577543940727,VLTO
2024-08-26,112.0,112.22000122070312,110.87999725341795,111.02999877929688,110.57316589355467,947600.0,-0.0067096403481996,-0.006732251182131,1.3400039672851705,79.913441448612,VLTO
2024-08-27,110.93000030517578,111.41000366210938,110.44000244140624,111.1500015258789,110.69268035888672,978500.0,0.0010808631946659,0.0010802794826138,0.9700012207031392,79.93085294620522,VLTO
2024-08-28,111.66000366210938,111.69000244140624,110.9800033569336,111.26000213623048,110.8022232055664,1279100.0,0.0009896123783843,0.0009891230348682,0.709999084472642,73.21021008269544,VLTO
2024-08-29,111.75,112.7699966430664,111.26000213623048,111.80999755859376,111.34996032714844,1375600.0,0.0049433766375412,0.0049311982696006,1.5099945068359233,85.37798628818345,VLTO
2024-08-30,111.9800033569336,112.66000366210938,111.125,112.43000030517578,111.9674072265625,2254600.0,0.0055451021051107,0.0055297846250047,1.535003662109375,85.78318123794892,VLTO
2024-09-03,111.0999984741211,112.22000122070312,109.62000274658205,110.26000213623048,109.80633544921876,1369900.0,-0.0193009004215921,-0.0194895947260114,2.5999984741210795,62.23228899013236,VLTO
2024-09-04,110.1500015258789,111.5999984741211,110.1500015258789,110.8499984741211,110.39390563964844,1108700.0,0.0053509680295396,0.0053367024671971,1.4499969482421875,62.94247356387303,VLTO
2024-09-05,110.1999969482422,110.73999786376952,109.3000030517578,109.8499984741211,109.39802551269533,1148300.0,-0.0090211513143116,-0.009062088284879,1.4399948120117188,54.59291915800155,VLTO
2024-09-06,109.58999633789062,110.76000213623048,108.08000183105467,108.72000122070312,108.27266693115234,2043500.0,-0.0102868271732416,-0.0103401022491445,2.6800003051758097,50.0,VLTO
2024-09-09,110.12000274658205,110.1999969482422,109.19000244140624,109.48999786376952,109.0395050048828,2033600.0,0.0070824714627013,0.0070575085584258,1.009994506835966,49.56609041069775,VLTO
2024-09-10,109.83999633789062,110.12000274658205,109.13999938964844,109.72000122070312,109.2685546875,1312400.0,0.0021006119076469,0.0020984087072934,0.980003356933608,51.535454519387926,VLTO
2024-09-11,109.31999969482422,109.86000061035156,107.62000274658205,108.9499969482422,108.50172424316406,1307100.0,-0.0070178510782815,-0.0070425920152496,2.239997863769517,45.9610239863882,VLTO
2024-09-12,108.83999633789062,109.58999633789062,108.44000244140624,109.3000030517578,108.85028839111328,1409400.0,0.003212521739913,0.0032073726167811,1.1499938964843892,42.43324364034805,VLTO
2024-09-13,110.0,110.7699966430664,109.3000030517578,110.0199966430664,109.56732177734376,1163100.0,0.006587335659177,0.0065657339767621,1.469993591308608,41.093106421517625,VLTO
2024-09-16,110.52999877929688,111.5749969482422,109.76000213623048,109.95999908447266,109.507568359375,1494100.0,-0.000545358022807,-0.0005455067845816,1.8149948120117188,44.17845674710494,VLTO
2024-09-17,111.0199966430664,111.48999786376952,108.83999633789062,108.94000244140624,108.49176025390624,1123300.0,-0.0092761452079289,-0.0093194365688341,2.650001525878892,39.04849761782732,VLTO
2024-09-18,109.0500030517578,109.5749969482422,107.45999908447266,108.08999633789062,107.64525604248048,1749600.0,-0.007802474671299,-0.0078330732437766,2.114997863769545,35.36468907170702,VLTO
2024-09-19,109.45999908447266,109.5999984741211,108.51300048828124,109.47000122070312,109.01959228515624,1487200.0,0.0127672718074394,0.0126864573195335,1.086997985839858,39.965729618781324,VLTO
2024-09-20,109.33999633789062,109.76300048828124,108.5500030517578,109.47000122070312,109.01959228515624,8340500.0,0.0,0.0,1.2129974365234375,36.59425821117979,VLTO
2024-09-23,110.31999969482422,111.19000244140624,109.2229995727539,110.25,109.79638671875,2085800.0,0.0071252736990792,0.0071000088779555,1.967002868652329,49.94823934381453,VLTO
2024-09-24,109.62999725341795,111.87999725341795,109.3499984741211,111.4000015258789,110.94164276123048,1340200.0,0.0104307261532579,0.0103767014821707,2.529998779296861,52.69343405808036,VLTO
2024-09-25,111.8499984741211,111.8499984741211,110.68000030517578,111.04000091552734,110.58312225341795,1452000.0,-0.003231613476142,-0.0032368464159054,1.1699981689453125,56.21729409438495,VLTO
2024-09-26,111.4000015258789,112.27999877929688,110.82599639892578,111.27999877929688,110.82213592529295,1134100.0,0.0021613937733397,0.0021590613221104,1.4540023803710938,64.74652832326868,VLTO
2024-09-27,111.33999633789062,111.87999725341795,109.55999755859376,110.3000030517578,109.93508911132812,1834400.0,-0.0080042385626171,-0.0080364444509661,2.3199996948241903,55.1091503871057,VLTO
2024-09-30,110.1500015258789,112.0199966430664,109.38800048828124,111.86000061035156,111.48992156982422,1523400.0,0.0141431864117702,0.0140441046789347,2.6319961547851705,61.00744392482729,VLTO
2024-10-01,112.5500030517578,112.61499786376952,109.25499725341795,110.02999877929688,109.66597747802734,1805900.0,-0.0163597217229591,-0.0164950196238647,3.3600006103515625,55.222080701492615,VLTO
2024-10-02,109.8000030517578,111.52999877929688,109.61499786376952,111.27999877929688,110.91183471679688,1143100.0,0.0113604717472122,0.0112964261901016,1.915000915527358,58.55789774393606,VLTO
2024-10-03,111.13999938964844,111.5999984741211,110.45099639892578,111.30999755859376,110.94174194335938,1149200.0,0.0002696486505597,0.0002696123018965,1.1490020751953125,56.050676447274654,VLTO
2024-10-04,111.9000015258789,112.29000091552734,110.83999633789062,112.0199966430664,111.6493911743164,952200.0,0.0063785660704545,0.0063583091124942,1.4500045776367188,58.92019540144422,VLTO
2024-10-07,110.93000030517578,111.77999877929688,110.77999877929688,111.12000274658205,110.75237274169922,1516600.0,-0.0080342438340454,-0.0080666922870904,1.0,59.50901501979133,VLTO
2024-10-08,111.88999938964844,112.55500030517578,111.16000366210938,112.18000030517578,111.8088607788086,1497800.0,0.0095391909984028,0.0094939802048139,1.3949966430664062,67.2097224026731,VLTO
2024-10-09,112.75,113.5,112.11000061035156,112.94000244140624,112.56635284423828,988200.0,0.0067748840311345,0.0067520376340631,1.3899993896484375,65.44780528523285,VLTO
2024-10-10,112.94000244140624,113.29000091552734,111.56500244140624,111.8499984741211,111.4799575805664,773500.0,-0.0096511545077342,-0.0096980287368355,1.724998474121108,59.78960329164541,VLTO
2024-10-11,112.16999816894533,114.18000030517578,112.12999725341795,113.12999725341795,112.7557144165039,1365600.0,0.011443822402027,0.0113788371827053,2.0500030517578267,61.32524836800916,VLTO
2024-10-14,113.4800033569336,113.9800033569336,113.19000244140624,113.29000091552734,112.9151840209961,971900.0,0.0014142928836682,0.0014132937134564,0.790000915527358,58.169042551175664,VLTO
2024-10-15,113.9000015258789,114.61000061035156,112.8000030517578,112.87999725341795,112.5065460205078,1030300.0,-0.0036189818404963,-0.0036255461975889,1.809997558593764,57.92869592455589,VLTO
2024-10-16,113.08999633789062,113.83000183105467,112.4000015258789,112.5199966430664,112.14773559570312,961200.0,-0.0031892404264127,-0.0031943368924499,1.430000305175767,55.41091756610395,VLTO
2024-10-17,112.91000366210938,113.40499877929688,112.08999633789062,113.02999877929688,112.65604400634766,1190500.0,0.00453248929142,0.0045222484943738,1.31500244140625,61.46093030460203,VLTO
2024-10-18,113.08999633789062,113.69000244140624,112.08000183105467,113.5999984741211,113.2241668701172,3872200.0,0.0050429860979099,0.0050303128330593,1.6100006103515625,57.96705241737349,VLTO
2024-10-21,112.87000274658205,113.69000244140624,112.33799743652344,113.06999969482422,112.69591522216795,960700.0,-0.0046655379549422,-0.0046764555480121,1.3520050048827983,65.80040422044323,VLTO
2024-10-22,112.16000366210938,112.5199966430664,111.26000213623048,111.79000091552734,111.42015838623048,875600.0,-0.0113203467350387,-0.0113849095717191,1.2599945068359233,52.64254647767563,VLTO
2024-10-23,111.91000366210938,113.06999969482422,110.2239990234375,110.93000030517578,110.56300354003906,1426400.0,-0.0076929961203263,-0.0077227398588209,2.8460006713867188,48.187041300486165,VLTO
2024-10-24,114.5500030517578,115.0,105.62999725341795,105.79000091552734,105.44000244140624,2922200.0,-0.0463355818366275,-0.0474434323484184,9.370002746582044,29.107970615309355,VLTO
2024-10-25,106.4000015258789,106.9800033569336,103.67400360107422,104.0500030517578,103.7057647705078,1538000.0,-0.016447625481251,-0.0165843893744333,3.305999755859375,27.55554777932818,VLTO
2024-10-28,104.72000122070312,105.16999816894533,103.93499755859376,104.0,103.65592956542967,1298500.0,-0.0004805442126424,-0.0004806597110154,1.2350006103515625,22.25238872481384,VLTO
2024-10-29,103.5999984741211,103.79000091552734,102.52999877929688,103.48999786376952,103.14761352539062,1472500.0,-0.0049038780720999,-0.0049159415368388,1.2600021362304688,17.39127678558701,VLTO
2024-10-30,103.18000030517578,103.98999786376952,102.58000183105467,103.23999786376952,102.8984375,1106100.0,-0.0024157226413124,-0.0024186452069396,1.4099960327148438,18.461507402649104,VLTO
2024-10-31,103.0,103.63999938964844,102.16999816894533,102.19000244140624,101.85191345214844,1117500.0,-0.0101704561631614,-0.0102225286204123,1.4700012207031108,9.239964019400404,VLTO
2024-11-01,102.91000366210938,103.19000244140624,101.18000030517578,101.58999633789062,101.25389862060548,1117800.0,-0.0058714147950093,-0.0058887193187938,2.0100021362304545,7.79223791703312,VLTO
2024-11-04,102.06999969482422,102.77999877929688,101.72000122070312,102.43000030517578,102.09112548828124,960900.0,0.0082685889539206,0.0082345914512927,1.05999755859375,13.43602824904751,VLTO
2024-11-05,103.9800033569336,105.6999969482422,102.98500061035156,103.61000061035156,103.26721954345705,1228100.0,0.0115200420168823,0.0114541915834754,2.714996337890639,20.516254995701587,VLTO
2024-11-06,105.6999969482422,105.77999877929688,101.88999938964844,102.98999786376952,102.64926147460938,1879200.0,-0.0059840680477275,-0.0060020443330135,3.8899993896484375,17.01713859798157,VLTO
2024-11-07,103.01000213623048,104.6050033569336,102.99500274658205,104.3000030517578,103.95494079589844,1406500.0,0.0127198121304752,0.0126395948365789,1.6100006103515483,20.864732334704385,VLTO
2024-11-08,104.87000274658205,106.37000274658205,104.5999984741211,105.5500030517578,105.20079803466795,1208400.0,0.0119845889885656,0.0119133424771541,1.7700042724609517,27.45806658865098,VLTO
2024-11-11,105.93000030517578,106.0,104.0500030517578,104.38999938964844,104.0446319580078,1076200.0,-0.0109900884618684,-0.0110509256319565,1.9499969482422017,27.657017391806704,VLTO
2024-11-12,104.9800033569336,105.83999633789062,103.6500015258789,103.75,103.40675354003906,867700.0,-0.0061308152661463,-0.0061496858817666,2.1899948120117188,28.029395203112077,VLTO
2024-11-13,103.05999755859376,105.30999755859376,102.9800033569336,104.83999633789062,104.4931411743164,1103900.0,0.0105059640408951,0.0104511599132903,2.3299942016601705,46.13505552936169,VLTO
2024-11-14,104.1500015258789,104.9499969482422,101.91500091552734,103.11000061035156,102.76887512207033,1320100.0,-0.0165012366636547,-0.016638898564749,3.034996032714858,46.17264249738204,VLTO
2024-11-15,102.4499969482422,102.97000122070312,102.0999984741211,102.68000030517578,102.34029388427734,1135600.0,-0.0041703408476925,-0.0041790609714552,0.8700027465820312,44.78672312370347,VLTO
2024-11-18,102.31999969482422,103.1999969482422,102.19000244140624,102.83999633789062,102.49976348876952,1158900.0,0.0015582289090598,0.001557016130088,1.009994506835966,47.35986926665827,VLTO
2024-11-19,102.2699966430664,104.27999877929688,102.23999786376952,103.9800033569336,103.63600158691406,1531200.0,0.0110852753164552,0.0110242839753054,2.040000915527358,52.80307441076114,VLTO
2024-11-20,104.4800033569336,105.22000122070312,103.25499725341795,105.11000061035156,104.7622528076172,1374300.0,0.010867374304851,0.010808748747526,1.9650039672851705,60.99397191041682,VLTO
2024-11-21,104.88999938964844,106.41999816894533,103.87999725341795,106.01000213623048,105.6592788696289,1317000.0,0.0085624930542393,0.0085260428326415,2.540000915527372,66.27393507584252,VLTO
2024-11-22,106.16000366210938,107.44000244140624,105.50499725341795,106.41000366210938,106.0579605102539,1748600.0,0.0037732761844506,0.0037661752348259,1.9350051879882808,65.1445978041337,VLTO
2024-11-25,106.7300033569336,108.55999755859376,106.41000366210938,108.4800033569336,108.12110137939452,4014700.0,0.0194529562817789,0.0192661660557714,2.149993896484389,67.3556460518447,VLTO
2024-11-26,108.77999877929688,108.95899963378906,107.93000030517578,107.95999908447266,107.6028289794922,1369000.0,-0.0047934435858519,-0.0048049689821987,1.0289993286132812,67.83925617791078,VLTO
2024-11-27,108.16000366210938,108.7699966430664,107.8499984741211,107.97000122070312,107.61279296875,675100.0,9.259969605168727e-05,9.259540896448611e-05,0.9199981689453124,64.52891528147998,VLTO
2024-11-29,108.05999755859376,108.54499816894533,107.76000213623048,108.19000244140624,107.83206176757812,586300.0,0.00203757186092,0.0020354988268687,0.7849960327148438,61.37933127931168,VLTO
2024-12-02,108.0,108.0,105.58000183105467,106.62999725341795,106.2772216796875,1060900.0,-0.0144190889277618,-0.0145240542148741,2.4199981689453267,59.33336140071558,VLTO
2024-12-03,106.6500015258789,107.7300033569336,105.48999786376952,107.27999877929688,106.92507934570312,1053500.0,0.0060959221155425,0.0060774171474735,2.2400054931640767,64.69613069515941,VLTO
2024-12-04,107.16000366210938,107.9499969482422,106.91999816894533,107.5199966430664,107.1642837524414,1085300.0,0.0022371216201289,0.0022346229893573,1.029998779296875,62.007226724063486,VLTO
2024-12-05,106.93000030517578,107.33999633789062,105.08999633789062,105.29000091552734,104.94165802001952,1075100.0,-0.0207403591438761,-0.0209584613418217,2.25,59.3481801656071,VLTO
2024-12-06,105.61000061035156,106.68000030517578,105.25,106.52999877929688,106.17755889892578,1003400.0,0.0117770283243523,0.011708218846816,1.4300003051757812,65.43706186389701,VLTO
2024-12-09,107.02999877929688,107.1500015258789,105.37999725341795,106.75,106.3968276977539,1050900.0,0.00206511433397,0.0020629849165202,1.7700042724609517,65.6025604527589,VLTO
2024-12-10,106.52999877929688,107.16000366210938,104.76000213623048,106.38999938964844,106.03801727294922,716400.0,-0.0033723789756586,-0.003378078262681,2.400001525878892,60.25528355393068,VLTO
2024-12-11,106.69000244140624,107.25,104.81999969482422,105.3499984741211,105.00145721435548,1183000.0,-0.009775362509142,-0.0098234550364783,2.430000305175781,51.02915293226361,VLTO
2024-12-12,105.0,106.55999755859376,104.55999755859376,105.79000091552734,105.44000244140624,859400.0,0.0041765632466936,0.004167865615478,2.0,49.017837554480025,VLTO
2024-12-13,105.51000213623048,105.76000213623048,104.1999969482422,104.22000122070312,103.8751983642578,756300.0,-0.0148407060026198,-0.0149519310909899,1.5600051879882812,41.14789959127339,VLTO
2024-12-16,104.56999969482422,105.94000244140624,103.94000244140624,104.2300033569336,103.88516235351562,1247200.0,9.592269776348417e-05,9.591809747569003e-05,2.0,29.388936364831025,VLTO
2024-12-17,103.69000244140624,104.47000122070312,102.5999984741211,103.45999908447266,103.11771392822266,2706400.0,-0.0073874690851556,-0.00741489157356,1.8700027465820312,28.693166785184246,VLTO
2024-12-18,103.4800033569336,103.73999786376952,101.16000366210938,101.2300033569336,100.89509582519533,2211700.0,-0.0215541832567626,-0.0217898674725101,2.579994201660142,23.630685486817494,VLTO
2024-12-19,101.05999755859376,102.5199966430664,100.0,101.33000183105467,100.99476623535156,1738600.0,0.0009878617919043,0.0009873741775483,2.5199966430664062,22.906833740254683,VLTO
2024-12-20,101.36000061035156,104.54000091552734,101.3000030517578,104.25,103.90509796142578,4807300.0,0.0288166588681653,0.0284092668936092,3.239997863769545,41.51212989660662,VLTO
2024-12-23,103.0999984741211,103.98999786376952,102.1999969482422,102.88999938964844,102.5496063232422,949100.0,-0.0130454776981856,-0.0131313173054425,1.790000915527315,35.098425401444686,VLTO
2024-12-24,102.8499984741211,103.48999786376952,102.33000183105467,103.48999786376952,103.14761352539062,277500.0,0.0058313944206034,0.0058144576515819,1.1599960327148438,36.64674947712934,VLTO
2024-12-26,102.86000061035156,104.08000183105467,102.75,103.87000274658205,103.52635955810548,580100.0,0.0036718836216373,0.0036651587139967,1.3300018310546733,44.63746380766499,VLTO
2024-12-27,102.9000015258789,103.66999816894533,102.44000244140624,103.12000274658205,102.77883911132812,608800.0,-0.0072205808256765,-0.0072467753888796,1.229995727539091,36.62741236825589,VLTO
2024-12-30,102.36000061035156,102.5,101.09100341796876,102.01000213623048,101.67251586914062,528600.0,-0.010764114984692,-0.0108224671880635,1.4089965820312358,32.62461536907445,VLTO
2024-12-31,102.18000030517578,102.5500030517578,101.33899688720705,101.8499984741211,101.62261962890624,644000.0,-0.0004907544561856,-0.000490874915566,1.2110061645507528,33.38317791356779,VLTO
2025-01-02,102.5500030517578,102.5500030517578,100.1500015258789,100.58999633789062,100.3654327392578,1315200.0,-0.0123711324726649,-0.0124482919592245,2.400001525878892,32.83787043213938,VLTO
2025-01-03,100.29000091552734,101.19499969482422,99.8000030517578,100.8000030517578,100.57496643066406,903000.0,0.0020877077464571,0.0020855315130064,1.3949966430664205,31.67945554652789,VLTO
2025-01-06,100.69000244140624,101.41000366210938,99.98999786376952,101.16999816894533,100.9441375732422,1180400.0,0.0036706066696292,0.0036638864328446,1.420005798339858,37.87004294013654,VLTO
2025-01-07,101.01000213623048,101.95899963378906,100.31999969482422,101.6500015258789,101.4230728149414,1313500.0,0.0047445572691302,0.0047333373323822,1.6389999389648438,40.19156643277577,VLTO
2025-01-08,101.6500015258789,102.0500030517578,100.1999969482422,102.0,101.77228546142578,1034900.0,0.0034431282428364,0.0034372142479953,1.8500061035155968,44.45533721113033,VLTO
2025-01-10,100.88999938964844,101.21600341796876,99.83000183105467,100.0999984741211,99.87651824951172,1272100.0,-0.0186275389544298,-0.0188032166069747,1.386001586914091,45.68611142884649,VLTO
2025-01-13,100.12000274658205,101.36000061035156,99.7699966430664,101.13999938964844,100.91419982910156,1370200.0,0.0103896451115517,0.0103360436955648,1.5900039672851562,49.68389971958073,VLTO
2025-01-14,100.81999969482422,102.48999786376952,100.4800033569336,102.37000274658205,102.14146423339844,996100.0,0.0121614639602281,0.0120881075064414,2.0099945068359237,42.02750399550822,VLTO
2025-01-15,104.1999969482422,104.77999877929688,102.33999633789062,102.5500030517578,102.32106018066406,1718100.0,0.0017583059790022,0.0017567619686744,2.44000244140625,48.84395651214155,VLTO
2025-01-16,102.70999908447266,104.45999908447266,102.0199966430664,104.0500030517578,103.81771087646484,1369700.0,0.0146270053609511,0.014521062552542,2.44000244140625,53.10705363542006,VLTO
2025-01-17,104.25,104.43499755859376,102.9000015258789,102.94000244140624,102.71018981933594,1372700.0,-0.0106679394852653,-0.0107252499055135,1.534996032714858,46.45521510204212,VLTO
2025-01-21,102.80999755859376,103.5500030517578,102.05999755859376,103.08999633789062,102.85984802246094,1761300.0,0.0014570920703023,0.0014560315417185,1.490005493164034,50.37111029713988,VLTO
2025-01-22,103.16000366210938,103.4250030517578,102.43000030517578,102.70999908447266,102.48070526123048,1190400.0,-0.0036860132356764,-0.0036928233223267,0.995002746582017,53.966683617185936,VLTO
2025-01-23,102.75,103.69000244140624,102.0999984741211,103.2699966430664,103.0394515991211,1680100.0,0.0054522101157123,0.0054374006233953,1.590003967285142,56.623144109475774,VLTO
2025-01-24,102.86000061035156,103.11000061035156,101.30999755859376,101.75,101.52284240722656,1441500.0,-0.0147187234438607,-0.0148281186190606,1.8000030517577983,55.282327198985,VLTO
2025-01-27,101.94000244140624,103.37999725341795,101.76000213623048,103.27999877929688,103.04942321777344,2060300.0,0.0150368210183031,0.0149248887010844,1.6199951171874716,60.08127635078264,VLTO
2025-01-28,103.31999969482422,104.4800033569336,102.5999984741211,103.4499969482422,103.21904754638672,1265900.0,0.0016460483068867,0.0016446950541818,1.8800048828125,59.4214850442136,VLTO
2025-01-29,103.38999938964844,104.0,102.62999725341795,102.8499984741211,102.62039184570312,891700.0,-0.0057998568569871,-0.0058167413434894,1.3700027465820457,54.9099787688432,VLTO
2025-01-30,103.62999725341795,104.4000015258789,102.98999786376952,103.8499984741211,103.61815643310548,881500.0,0.0097228686175996,0.0096759056947014,1.4100036621093892,57.18726420419106,VLTO
2025-01-31,103.66999816894533,104.6999969482422,103.3499984741211,103.38999938964844,103.15918731689452,994900.0,-0.00442942754446,-0.0044392665234253,1.349998474121108,64.392034819234,VLTO
2025-02-03,102.0199966430664,102.58999633789062,100.48999786376952,101.16999816894533,100.9441375732422,1484400.0,-0.0214721519358999,-0.0217060325978913,2.099998474121108,50.11897211007533,VLTO
2025-02-04,102.1999969482422,103.37999725341795,100.8000030517578,100.9800033569336,100.75456237792967,2065500.0,-0.0018780208526223,-0.0018797865448012,2.579994201660156,43.99305009404441,VLTO
2025-02-05,100.69000244140624,102.0,95.5199966430664,95.80999755859376,95.59610748291016,2627800.0,-0.0511982263956464,-0.0525553814272343,6.480003356933594,29.64972574725158,VLTO
2025-02-06,96.01000213623048,98.48999786376952,95.62999725341795,98.44000244140624,98.2202377319336,2281000.0,0.0274501788631149,0.0270801784882225,2.8600006103515625,34.143568747395705,VLTO
2025-02-07,98.33000183105467,99.2300033569336,96.69000244140624,98.80999755859376,98.5894012451172,2183000.0,0.0037585279949243,0.0037514823771627,2.540000915527358,37.81705828377787,VLTO
2025-02-10,99.26000213623048,100.37999725341795,98.48999786376952,99.77999877929688,99.55724334716795,1461500.0,0.0098168980623429,0.0097690253711372,1.8899993896484373,40.68655610476482,VLTO
2025-02-11,99.5999984741211,100.12000274658205,98.27999877929688,99.80999755859376,99.58717346191406,938500.0,0.0003006322166005,0.0003005870357907,1.8400039672851705,41.67621012433194,VLTO
2025-02-12,98.80999755859376,100.51000213623048,98.5,100.05999755859376,99.83660888671876,1205900.0,0.0025046942907773,0.0025015627719405,2.010002136230483,40.61948496469267,VLTO
2025-02-13,100.2699966430664,100.5500030517578,98.5500030517578,99.75,99.52730560302734,1576400.0,-0.0030980948485778,-0.0031029038795478,2.0,43.71067654969804,VLTO
2025-02-14,99.98999786376952,99.98999786376952,97.9800033569336,97.98999786376952,97.77123260498048,974500.0,-0.0176441328076447,-0.0178016460588983,2.0099945068359237,33.60196333769312,VLTO
2025-02-18,97.9000015258789,98.37999725341795,96.98999786376952,97.9000015258789,97.6814422607422,2388300.0,-0.0009183718139368,-0.0009187937756961,1.3899993896484375,32.71026033763626,VLTO
2025-02-19,97.66999816894533,98.12000274658205,96.81999969482422,97.68000030517578,97.46192932128906,1195600.0,-0.0022472327841678,-0.0022497616010313,1.3000030517578267,33.50347190029821,VLTO
2025-02-20,97.41000366210938,97.91999816894533,96.6500015258789,97.72000122070312,97.50184631347656,1114800.0,0.0004095649702964,0.0004094811214575,1.2699966430664205,29.16383151146998,VLTO
2025-02-21,97.33000183105467,98.33000183105467,96.5999984741211,98.1500015258789,97.93087768554688,2816500.0,0.0044002384394952,0.0043905856962221,1.7300033569335795,32.15253987443745,VLTO
2025-02-24,98.5999984741211,100.27999877929688,97.94300079345705,100.06999969482422,99.84659576416016,1592900.0,0.0195619412782614,0.0193730657127742,2.336997985839829,46.17524679557905,VLTO
2025-02-25,100.62000274658205,102.25,99.4000015258789,100.6500015258789,100.42530059814452,1990600.0,0.0057959395566302,0.0057792077189746,2.8499984741210938,48.88287432912148,VLTO
2025-02-26,101.1500015258789,101.45999908447266,99.38999938964844,99.72000122070312,99.49738311767578,1237700.0,-0.0092398775501985,-0.0092828300071348,2.0699996948242188,68.5660632748144,VLTO
2025-02-27,99.38999938964844,100.75,98.98999786376952,99.16000366210938,98.93862915039062,847800.0,-0.0056157654581158,-0.0056315931531858,1.760002136230483,54.25532203353064,VLTO
2025-02-28,99.5500030517578,100.4800033569336,98.9499969482422,99.76000213623048,99.53729248046876,1947800.0,0.0060508553152494,0.006032622403068,1.530006408691392,55.4661267501531,VLTO
2025-03-03,99.80999755859376,101.43499755859376,98.9800033569336,99.87000274658205,99.64704132080078,1009600.0,0.0011025901709507,0.0011019827648471,2.4549942016601705,50.5747070312501,VLTO
2025-03-04,99.4499969482422,100.76000213623048,98.75299835205078,98.87999725341795,98.65924835205078,1281500.0,-0.0099129181926227,-0.0099623783002872,2.0070037841797017,44.70988187541375,VLTO
2025-03-05,98.0,99.61000061035156,97.64199829101562,98.62000274658205,98.39983367919922,1427100.0,-0.002629400458494,-0.0026328634035243,1.9680023193359373,41.81822763384146,VLTO
2025-03-06,98.2300033569336,98.55999755859376,97.1500015258789,97.9499969482422,97.7313232421875,1175100.0,-0.0067938167374467,-0.0068169997708942,1.409996032714858,40.17466665664944,VLTO
2025-03-07,97.58000183105467,100.2699966430664,97.3000030517578,100.12000274658205,99.896484375,1444800.0,0.0221542189441865,0.0219123795599884,2.969993591308608,61.12856045939498,VLTO
2025-03-10,99.76000213623048,102.44000244140624,99.01000213623048,100.33000183105467,100.10601806640624,1437300.0,0.0020975081627463,0.002095311463693,3.430000305175753,62.53868600927664,VLTO
2025-03-11,100.58999633789062,100.58999633789062,96.91999816894533,96.98999786376952,96.77346801757812,2197400.0,-0.0332902068546711,-0.0338569390722222,3.6699981689452974,47.30678821407209,VLTO
2025-03-12,97.26000213623048,97.7699966430664,95.36000061035156,95.43000030517578,95.21695709228516,1373900.0,-0.0160840668127161,-0.0162148193323148,2.409996032714844,42.00976591576934,VLTO
2025-03-13,94.9800033569336,95.87000274658205,94.3499984741211,95.7300033569336,95.51628875732422,1368100.0,0.0031436802244053,0.0031387491934156,1.5200042724609517,41.47891112285001,VLTO
2025-03-14,96.77999877929688,98.31999969482422,96.11399841308594,97.9499969482422,97.7313232421875,2056800.0,0.0231901230008104,0.0229253181874397,2.206001281738281,42.68963629719119,VLTO
2025-03-17,97.68000030517578,99.13999938964844,97.41000366210938,98.4499969482422,98.23020935058594,1189300.0,0.0051046695352947,0.0050916848792683,1.7299957275390625,42.3716976899937,VLTO
2025-03-18,98.18000030517578,98.5199966430664,97.33000183105467,98.36000061035156,98.14041137695312,1315800.0,-0.0009141584266844,-0.0009145765243233,1.189994812011733,44.9926097348795,VLTO
2025-03-19,98.4499969482422,99.75,98.3270034790039,99.26000213623048,99.03840637207033,1021200.0,0.0091501042487791,0.0091084956675373,1.4229965209960938,50.35919690186498,VLTO
2025-03-20,99.12000274658205,99.27999877929688,97.95999908447266,98.13999938964844,97.92090606689452,1061800.0,-0.011283504512154,-0.0113476462009857,1.3199996948242188,44.39057324638385,VLTO
2025-03-21,97.43000030517578,97.79499816894533,96.02999877929688,97.7699966430664,97.55171966552734,2879700.0,-0.0037702510750355,-0.0037773763867343,1.7649993896484517,42.85712056427702,VLTO
2025-03-24,98.55999755859376,99.77999877929688,97.9499969482422,98.26000213623048,98.04064178466795,1094000.0,0.0050119272199091,0.0049994093211229,1.8300018310546733,47.81693978477943,VLTO
2025-03-25,98.62999725341795,98.83000183105467,96.83999633789062,97.75,97.53176879882812,1201900.0,-0.0051904289545298,-0.0052039460241091,1.9900054931640483,46.98960560788117,VLTO
2025-03-26,98.01000213623048,99.0500030517578,97.37000274658205,97.7300033569336,97.5118179321289,1489900.0,-0.0002045576220438,-0.0002045785468078,1.6800003051757528,49.20291384842647,VLTO
2025-03-27,98.0199966430664,98.6750030517578,97.16000366210938,97.88999938964844,97.67145538330078,947700.0,0.0016371087582736,0.001635770156489,1.5149993896484233,40.54282625318357,VLTO
2025-03-28,97.6999969482422,98.2300033569336,95.93000030517578,96.04000091552734,95.82559204101562,834900.0,-0.0188986980386569,-0.0190795607712271,2.3000030517578125,34.02830838604625,VLTO
2025-03-31,95.91000366210938,98.08000183105467,95.5,97.4499969482422,97.34393310546876,2346400.0,0.0158448388589476,0.015720619835245,2.5800018310546733,52.46190844329372,VLTO
2025-04-01,97.0500030517578,98.0999984741211,96.76000213623048,97.62000274658205,97.51375579833984,1380100.0,0.0017445637078079,0.0017430437240915,1.3399963378906108,61.25976382794419,VLTO
2025-04-02,97.13999938964844,98.77999877929688,96.43000030517578,98.68000030517578,98.57260131835938,790900.0,0.0108584220897947,0.0107998927344382,2.3499984741210938,63.94474137288852,VLTO
2025-04-03,97.1500015258789,98.13999938964844,93.7300033569336,93.9000015258789,93.7978057861328,1780500.0,-0.0484393783705214,-0.0496518826312101,4.409996032714844,35.45126492336411,VLTO
2025-04-04,92.81999969482422,92.81999969482422,88.68000030517578,88.81999969482422,88.72332763671875,2531500.0,-0.0541001797097929,-0.0556186137511822,4.1399993896484375,23.729200908409368,VLTO
2025-04-07,87.81999969482422,89.97000122070312,84.0,87.11000061035156,87.01519012451172,2395200.0,-0.0192524058520557,-0.0194401469692088,5.970001220703125,21.781086852106085,VLTO
2025-04-08,89.55999755859375,90.0,84.23999786376953,85.31999969482422,85.22714233398438,2034200.0,-0.0205486856716486,-0.0207627474491394,5.760002136230469,16.48142236811013,VLTO
2025-04-09,84.87999725341797,91.8000030517578,83.86499786376953,91.12999725341795,91.03081512451172,2080600.0,0.0680965315930008,0.0658781218401951,7.935005187988267,36.37706720279586,VLTO
2025-04-10,89.93000030517578,90.53500366210938,86.55999755859375,88.69999694824219,88.60345458984375,1722700.0,-0.0266652619923025,-0.0270272292303674,3.975006103515625,33.63925216905622,VLTO
2025-04-11,88.7300033569336,90.5500030517578,87.56999969482422,89.62000274658203,89.5224609375,2132300.0,0.0103721277224511,0.0103187062841623,2.9800033569335795,34.66675272916545,VLTO
2025-04-14,90.52999877929688,91.3000030517578,89.88999938964844,90.68000030517578,90.58130645751952,1235500.0,0.0118277079174438,0.0117583072778168,1.4100036621093608,37.731651499077095,VLTO
2025-04-15,90.3000030517578,91.12000274658205,89.98999786376953,90.05999755859375,89.96197509765625,1212900.0,-0.0068372977172029,-0.0068607791313942,1.1300048828125142,36.94981264241062,VLTO
2025-04-16,89.94000244140625,90.7249984741211,88.9000015258789,89.33000183105469,89.23278045654297,1493700.0,-0.0081055872808675,-0.0081386161534714,1.8249969482421875,35.69509677279176,VLTO
2025-04-17,89.93000030517578,90.37000274658205,89.2300033569336,89.54000091552734,89.44255065917969,1691500.0,0.0023508199740438,0.002348061119636,1.1399993896484517,38.544289931592,VLTO
2025-04-21,88.45999908447266,88.80000305175781,86.33000183105469,87.19999694824219,87.10508728027344,1571200.0,-0.0261336842663749,-0.0264812375998556,2.470001220703125,32.14908602962923,VLTO
2025-04-22,88.12999725341797,89.68000030517578,87.3499984741211,89.18000030517578,89.08293914794922,1478800.0,0.0227065023344934,0.0224525468173362,2.3300018310546875,36.17300547602256,VLTO
2025-04-23,90.55999755859376,92.04000091552734,89.79199981689453,90.5500030517578,90.45144653320312,1672800.0,0.015362171458904,0.0152453680202635,2.2480010986328125,36.81479301404118,VLTO
2025-04-24,90.4499969482422,91.95500183105467,90.0,91.73999786376952,91.64015197753906,1455600.0,0.0131419174584408,0.0130563116617292,1.9550018310546733,46.03523660892783,VLTO
2025-04-25,91.16999816894533,92.4499969482422,90.5199966430664,92.30999755859376,92.20952606201172,1418300.0,0.006213150809835,0.0061939287668886,1.9300003051757957,57.67706924505004,VLTO
2025-04-28,92.58999633789062,93.0,90.9800033569336,92.06999969482422,91.96979522705078,1172200.0,-0.0025998489006409,-0.0026032343768848,2.0199966430664062,61.66510631357423,VLTO
2025-04-29,91.91999816894533,93.2300033569336,91.58999633789062,93.08999633789062,92.98867797851562,1922700.0,0.0110784497122069,0.0110175331824158,1.6400070190429688,68.96045165729693,VLTO
2025-04-30,91.75,96.06999969482422,88.2699966430664,95.9000015258789,95.79562377929688,3141100.0,0.0301858878070055,0.0297392595571781,7.800003051757812,63.63635966645635,VLTO
2025-05-01,96.29499816894533,96.88999938964844,93.53600311279295,94.20999908447266,94.10746002197266,1421200.0,-0.0176225561327683,-0.0177796820857159,3.353996276855483,66.44776470577509,VLTO
2025-05-02,95.23999786376952,95.98999786376952,94.5999984741211,95.52999877929688,95.426025390625,1207600.0,0.0140112735838846,0.0139140230400127,1.3899993896484233,67.23031319502033,VLTO
2025-05-05,95.16000366210938,96.16999816894533,94.61499786376952,95.69000244140624,95.58585357666016,1262100.0,0.0016748909470021,0.0016734898813632,1.5550003051758097,65.41538314026783,VLTO
2025-05-06,95.18000030517578,96.4499969482422,94.87999725341795,95.36000061035156,95.25621032714844,1157300.0,-0.0034486614616811,-0.0034546218020292,1.5699996948242472,66.60402405782455,VLTO
2025-05-07,96.72000122070312,98.04000091552734,95.48999786376952,96.08999633789062,95.98541259765624,1500500.0,0.0076551677628515,0.0076260156478104,2.5500030517578267,71.1779054025276,VLTO
2025-05-08,96.72000122070312,98.41000366210938,96.1500015258789,97.27999877929688,97.1741180419922,1145800.0,0.0123842301883796,0.0123081729064908,2.2600021362304688,72.84530177497722,VLTO
2025-05-09,97.3000030517578,98.20999908447266,96.83999633789062,97.05999755859376,96.95436096191406,1427900.0,-0.0022614774850148,-0.0022640384870499,1.3700027465820312,83.26588922124205,VLTO
2025-05-12,98.86000061035156,100.4499969482422,97.98999786376952,100.33000183105467,100.2208023071289,1329700.0,0.0336905046127629,0.0331354127251753,2.4599990844726847,84.60585889905032,VLTO
2025-05-13,100.4499969482422,100.95999908447266,99.44000244140624,100.25,100.1408920288086,1456200.0,-0.0007973422331566,-0.0007976602795474,1.5199966430664205,82.72608691842944,VLTO
2025-05-14,100.25,100.3499984741211,99.0999984741211,99.45999908447266,99.35174560546876,1482200.0,-0.0078803614322988,-0.0079115755744089,1.25,76.76837923728816,VLTO
2025-05-15,99.54000091552734,101.01000213623048,99.0780029296875,100.93000030517578,100.82015228271484,970400.0,0.0147798779809789,0.0146717199900147,1.931999206542983,78.13317924976991,VLTO
2025-05-16,100.98999786376952,101.76000213623048,100.39700317382812,101.6999969482422,101.5893096923828,691600.0,0.0076290046409681,0.0076000509503814,1.362998962402358,80.37852171637758,VLTO
2025-05-19,101.22000122070312,102.5500030517578,101.0250015258789,102.19000244140624,102.07878112792967,832200.0,0.0048181392021366,0.004806569118749,1.525001525878892,79.69972679775054,VLTO
2025-05-20,102.04000091552734,102.66000366210938,101.66999816894533,102.0199966430664,101.9089584350586,1020600.0,-0.0016636434231933,-0.0016650288146579,0.9900054931640484,74.13243206939947,VLTO
2025-05-21,101.41999816894533,101.88999938964844,100.05999755859376,100.48999786376952,100.38062286376952,1063400.0,-0.0149970679198238,-0.0151106610833352,1.8300018310546733,75.07982367417053,VLTO
2025-05-22,100.0999984741211,101.33000183105467,99.8499984741211,100.9800033569336,100.87010192871094,1096000.0,0.0048762306008571,0.0048643802960201,1.4800033569335795,73.31049649541869,VLTO
2025-05-23,99.9499969482422,100.9000015258789,99.4000015258789,100.45999908447266,100.35066223144533,1065200.0,-0.0051495902882374,-0.0051628951242639,1.5,69.79247678428712,VLTO
2025-05-27,101.45999908447266,101.65499877929688,100.19000244140624,101.48999786376952,101.3795394897461,1387000.0,0.0102528198162539,0.010200616178939,1.4649963378906392,74.0391636759871,VLTO
2025-05-28,101.4000015258789,101.6500015258789,100.55500030517578,100.76000213623048,100.65033721923828,882200.0,-0.0071927952541308,-0.0072187881218293,1.095001220703125,68.31371195906445,VLTO
2025-05-29,101.1500015258789,101.2750015258789,100.0999984741211,101.23999786376952,101.12980651855467,1037600.0,0.004763712795835,0.0047524022220279,1.1750030517578125,66.44514816111725,VLTO
2025-05-30,101.66999816894533,101.72000122070312,100.3000030517578,101.02999877929688,100.92003631591795,3079300.0,-0.002074266824571,-0.0020764210955381,1.4199981689453267,66.5003685520065,VLTO
2025-06-02,100.5500030517578,100.91500091552734,99.5,100.27999877929688,100.1708526611328,1100800.0,-0.0074235373086859,-0.0074512288932313,1.4150009155273438,49.73709804753028,VLTO
2025-06-03,99.88999938964844,100.68000030517578,99.62999725341795,100.36000061035156,100.25077056884766,775600.0,0.0007978159873032,0.0007974979012999,1.0500030517578267,50.57832761243297,VLTO
2025-06-04,100.4000015258789,100.4000015258789,98.91000366210938,98.91999816894533,98.81233215332033,980500.0,-0.0143484025844916,-0.01445233629931,1.4899978637695312,47.342521608785134,VLTO
2025-06-05,99.48999786376952,100.06999969482422,98.62999725341795,99.66999816894533,99.56151580810548,866900.0,0.0075818841480503,0.0075532861247361,1.4400024414062642,43.32624581707093,VLTO
2025-06-06,100.3499984741211,100.69000244140624,99.625,100.2699966430664,100.1608657836914,487000.0,0.0060198960483999,0.0060018488660729,1.0650024414062358,42.28697087217061,VLTO
2025-06-09,100.5,100.5,99.31999969482422,99.72000122070312,99.61146545410156,693300.0,-0.0054851795188785,-0.0055002783545838,1.1800003051757812,36.76314328890433,VLTO
2025-06-10,100.0,100.37100219726562,99.3000030517578,99.95999908447266,99.85120391845705,600900.0,0.0024067356429562,0.0024038440932632,1.0709991455078267,39.04259070573922,VLTO
2025-06-11,99.87000274658205,99.97000122070312,98.02999877929688,98.20999908447266,98.10311126708984,884800.0,-0.0175069762082665,-0.0176620357303582,1.94000244140625,38.149740143639576,VLTO
2025-06-12,98.01000213623048,98.75,97.44499969482422,98.75,98.64252471923828,1240600.0,0.0054984336906487,0.0054833724875848,1.3050003051757812,38.46947326684498,VLTO
2025-06-13,98.01000213623048,98.86000061035156,97.05500030517578,97.31999969482422,97.21408081054688,825500.0,-0.0144810152898774,-0.0145868885362279,1.8050003051757808,35.16068066576565,VLTO
2025-06-16,97.80999755859376,98.1999969482422,96.9499969482422,97.77999877929688,97.67357635498048,841100.0,0.0047266356951838,0.0047155002277652,1.25,31.46851599493982,VLTO
2025-06-17,97.61000061035156,98.22000122070312,96.98999786376952,97.44000244140624,97.33395385742188,1031100.0,-0.0034771174583011,-0.0034831766810408,1.230003356933608,32.74428183644973,VLTO
2025-06-18,97.29000091552734,97.91999816894533,96.8499984741211,97.02999877929688,96.92439270019533,806100.0,-0.0042077932827684,-0.0042166709572885,1.069999694824233,27.958150188423545,VLTO
2025-06-20,97.3499984741211,98.0,96.58000183105467,96.7300033569336,96.62472534179688,3237100.0,-0.0030917641065378,-0.0030965534834799,1.4199981689453267,27.69714433759948,VLTO
2025-06-23,96.70999908447266,98.62000274658205,96.45999908447266,98.4499969482422,98.34284210205078,1556700.0,0.017781336548966,0.0176250979529525,2.160003662109389,41.37604118750996,VLTO
2025-06-24,98.79000091552734,100.41999816894533,98.44000244140624,100.30999755859376,100.20082092285156,1490300.0,0.0188928729441513,0.0187166191205138,1.979995727539091,49.79820775693451,VLTO
2025-06-25,100.0,100.61000061035156,99.41000366210938,100.16999816894533,100.06097412109376,1342200.0,-0.0013956652297836,-0.0013966400776468,1.1999969482421875,55.63572827623062,VLTO
2025-06-26,100.12999725341795,101.83499908447266,99.93000030517578,101.12000274658205,101.00994873046876,1469800.0,0.0094839633304644,0.0094392728897108,1.904998779296875,56.42166675348448,VLTO
2025-06-27,101.48999786376952,101.91000366210938,100.83000183105467,101.06999969482422,100.95999908447266,2287500.0,-0.0004945022408574,-0.0004946245474127,1.0800018310547017,53.7244165042882,VLTO
2025-06-30,101.13999938964844,101.7699966430664,100.3949966430664,100.9499969482422,100.9499969482422,1543000.0,-9.9070288442471e-05,-9.907519622764352e-05,1.375,56.56857459490226,VLTO
2025-07-01,100.66000366210938,103.18000030517578,100.3949966430664,102.5999984741211,102.5999984741211,1055900.0,0.0163447407207437,0.0162126033360982,2.785003662109375,61.84910341597781,VLTO
2025-07-02,102.5,103.43000030517578,101.90499877929688,102.83000183105467,102.83000183105467,910300.0,0.0022417481516006,0.0022392391831635,1.5250015258789062,73.44437153904308,VLTO
2025-07-03,103.7300033569336,103.93000030517578,102.26000213623048,103.75,103.75,478700.0,0.0089467874410509,0.0089070020630891,1.6699981689452983,74.41043850379695,VLTO
2025-07-07,103.66999816894533,104.0500030517578,102.12899780273438,102.72000122070312,102.72000122070312,714800.0,-0.0099276990775601,-0.0099773072853645,1.9210052490234235,77.35666100078393,VLTO
2025-07-08,102.16000366210938,104.02999877929688,101.97000122070312,102.33000183105467,102.33000183105467,933200.0,-0.0037967229849472,-0.0038039488331539,2.05999755859375,73.29675539374455,VLTO
2025-07-09,102.5199966430664,102.5500030517578,101.55999755859376,102.37000274658205,102.37000274658205,833100.0,0.000390901151291,0.0003908247693405,0.990005493164034,75.97481554353176,VLTO
2025-07-10,102.22000122070312,104.08000183105467,102.03500366210938,103.12999725341795,103.12999725341795,1147800.0,0.0074239961555659,0.0073965739341159,2.0449981689452983,80.89045897746912,VLTO
2025-07-11,102.75,102.75,101.5199966430664,101.93000030517578,101.93000030517578,734600.0,-0.0116357701949071,-0.0117039955214501,1.2300033569335938,74.23637130419333,VLTO
2025-07-14,101.7300033569336,102.44499969482422,101.31800079345705,102.1999969482422,102.1999969482422,849200.0,0.0026488437384288,0.0026453417346642,1.1269989013671733,70.30777894801967,VLTO
2025-07-15,102.05999755859376,102.52999877929688,100.91999816894533,100.9499969482422,100.9499969482422,895500.0,-0.0122309201303895,-0.012306333380503,1.6100006103515483,54.214174623283874,VLTO
2025-07-16,100.97000122070312,101.0,99.56999969482422,100.51000213623048,100.51000213623048,1256500.0,-0.0043585421031494,-0.0043680682378986,1.4300003051757812,52.44331452189415,VLTO
2025-07-17,100.47000122070312,103.0999984741211,100.1999969482422,102.9800033569336,102.9800033569336,1155400.0,0.0245746808099287,0.0242775809253547,2.900001525878892,59.19732036447483,VLTO
2025-07-18,102.8499984741211,103.56999969482422,102.31500244140624,103.33999633789062,103.33999633789062,1863900.0,0.003495756158691,0.0034896602056432,1.254997253417983,60.79855387420896,VLTO
2025-07-21,103.4000015258789,103.86000061035156,102.05999755859376,102.11000061035156,102.11000061035156,1708000.0,-0.0119024169840044,-0.0119738178767168,1.8000030517577983,54.73858673903796,VLTO
2025-07-22,102.2300033569336,103.2300033569336,101.5,102.54000091552734,102.54000091552734,895700.0,0.0042111478073205,0.004202305739205,1.7300033569335938,49.72777812393988,VLTO
2025-07-23,102.4800033569336,103.0,101.19000244140624,101.80999755859376,101.80999755859376,1432500.0,-0.0071192056798883,-0.0071446681449641,1.809997558593764,45.57288803705576,VLTO
2025-07-24,101.98999786376952,103.38999938964844,101.10299682617188,103.2699966430664,103.2699966430664,1450800.0,0.014340429422291,0.0142385780378545,2.2870025634765625,48.009932151386224,VLTO
2025-07-25,103.41999816894533,103.64700317382812,102.75,103.27999877929688,103.27999877929688,1019400.0,9.685423216421184e-05,9.684954209590066e-05,0.897003173828125,52.536225874756056,VLTO
2025-07-28,102.51000213623048,103.61000061035156,101.79000091552734,103.0999984741211,103.0999984741211,2086400.0,-0.0017428379870572,-0.0017443584961058,1.8199996948242188,53.55493139519573,VLTO
2025-07-29,105.0,106.3000030517578,102.2300033569336,105.02999877929688,105.02999877929688,2225100.0,0.0187196928587756,0.0185466357893358,4.0699996948242045,60.45597705899535,VLTO
2025-07-30,106.63999938964844,107.0,104.75,105.77999877929688,105.77999877929688,2071400.0,0.007140816992448,0.007115442085555,2.25,60.42488158216205,VLTO
2025-07-31,104.98999786376952,106.8550033569336,104.51000213623048,104.83000183105467,104.83000183105467,1963500.0,-0.0089808750161201,-0.0090214461664387,2.345001220703111,61.63726039475734,VLTO
2025-08-01,104.45999908447266,104.83000183105467,103.38999938964844,104.75,104.75,1297900.0,-0.0007631577759924,-0.0007634491291296,1.4400024414062358,60.39121978396418,VLTO
2025-08-04,104.87000274658205,107.05999755859376,104.43000030517578,106.9499969482422,106.9499969482422,1083000.0,0.0210023575011188,0.0207848481917323,2.629997253417983,72.69291365847752,VLTO
2025-08-05,106.93000030517578,107.4000015258789,106.25,106.55999755859376,106.55999755859376,1324100.0,-0.0036465582120323,-0.0036532231129953,1.1500015258789062,72.96886776112163,VLTO
2025-08-06,106.8000030517578,107.73999786376952,105.95999908447266,107.4800033569336,107.4800033569336,1081800.0,0.0086336882452906,0.0085966310994058,1.7799987792968608,69.3631750900821,VLTO
2025-08-07,108.29000091552734,108.51000213623048,107.0199966430664,107.54000091552734,107.54000091552734,802000.0,0.0005582206617029,0.0005580649145075,1.4900054931640767,68.5512574684833,VLTO
2025-08-08,107.55999755859376,108.19000244140624,107.43000030517578,107.6999969482422,107.6999969482422,523000.0,0.0014877815822276,0.0014866759317178,0.7600021362304545,77.26827481897877,VLTO
2025-08-11,107.81999969482422,108.44000244140624,107.08000183105467,107.13999938964844,107.13999938964844,1203300.0,-0.0051996060767103,-0.0052131710705677,1.3600006103515625,72.15799465942241,VLTO
2025-08-12,107.4800033569336,108.94000244140624,107.01000213623048,108.80999755859376,108.80999755859376,1074200.0,0.0155870653206917,0.0154668347695393,1.9300003051757528,80.91874958719008,VLTO
2025-08-13,109.01000213623048,109.80999755859376,107.0999984741211,109.75,109.75,1211200.0,0.0086389344958863,0.0086018324296937,2.7099990844726705,80.00002825702867,VLTO
2025-08-14,109.29000091552734,109.29000091552734,107.37000274658205,107.66999816894533,107.66999816894533,957200.0,-0.0189521806929811,-0.0191340751338285,1.9199981689452983,67.05517115459403,VLTO
2025-08-15,107.79000091552734,107.87000274658205,107.04000091552734,107.2699966430664,107.2699966430664,1130100.0,-0.0037150694964374,-0.0037219875063591,0.8300018310547017,65.92818691963544,VLTO
2025-08-18,107.5,108.26000213623048,106.61000061035156,106.69000244140624,106.69000244140624,998800.0,-0.0054068632405206,-0.0054215332285455,1.6500015258789205,57.069868155634495,VLTO
2025-08-19,106.9000015258789,108.37999725341795,106.68000030517578,108.0999984741211,108.0999984741211,977100.0,0.0132158215432529,0.0131292544431764,1.6999969482421733,59.35484783955607,VLTO
2025-08-20,108.5,109.23999786376952,108.1999969482422,108.91000366210938,108.91000366210938,1264100.0,0.007493110077908,0.0074651761829681,1.040000915527315,66.63949290017935,VLTO
2025-08-21,108.62000274658205,109.02999877929688,108.0500030517578,108.47000122070312,108.47000122070312,646600.0,-0.0040400553357003,-0.0040482384067343,0.9799957275390768,64.7385208399833,VLTO
2025-08-22,109.0,110.11000061035156,108.45999908447266,109.1500015258789,109.1500015258789,1108500.0,0.0062690172169554,0.0062494486696459,1.6500015258789062,59.90993189217936,VLTO
2025-08-25,108.9499969482422,109.3000030517578,107.0,107.1500015258789,107.1500015258789,556100.0,-0.0183234078977617,-0.0184933608154307,2.3000030517577983,52.32102285517048,VLTO
2025-08-26,107.05999755859376,107.68000030517578,106.58999633789062,107.11000061035156,107.11000061035156,1167900.0,-0.0003733169851395,-0.0003733866852726,1.0900039672851562,48.43616683036876,VLTO
2025-08-27,107.16999816894533,107.81999969482422,106.80999755859376,107.37000274658205,107.37000274658205,597100.0,0.002427431003164,0.0024244895516784,1.0100021362304543,49.29344062262975,VLTO
2025-08-28,107.37999725341795,107.41999816894533,106.1500015258789,106.5,106.5,523100.0,-0.008102847390583,-0.0081358538770989,1.2699966430664205,45.29043786956732,VLTO
2025-08-29,106.37000274658205,106.8000030517578,105.93000030517578,106.19000244140624,106.19000244140624,716500.0,-0.0029107751980634,-0.0029150197428017,0.870002746582017,46.19697145544835,VLTO
2025-09-02,105.66000366210938,105.97000122070312,104.38999938964844,105.27999877929688,105.27999877929688,887700.0,-0.0085695794442747,-0.0086065094244955,1.5800018310546875,34.95313097570302,VLTO
2025-09-03,104.77999877929688,105.54000091552734,104.0,105.06999969482422,105.06999969482422,1030300.0,-0.0019946721780733,-0.0019966641859983,1.5400009155273438,28.727286094467217,VLTO
2025-09-04,105.56999969482422,106.5999984741211,104.87999725341795,106.5999984741211,106.5999984741211,1088500.0,0.0145617091818859,0.0144567056214988,1.7200012207031392,44.88038647794446,VLTO
2025-09-05,106.77999877929688,107.0199966430664,105.45999908447266,105.70999908447266,105.70999908447266,965200.0,-0.0083489624989487,-0.0083840102978562,1.55999755859375,42.87021384616247,VLTO
2025-09-08,105.70999908447266,106.9499969482422,105.01000213623048,106.9000015258789,106.9000015258789,910300.0,0.0112572363230778,0.0111943451850633,1.9399948120117188,50.909086105068944,VLTO
2025-09-09,106.47000122070312,106.69000244140624,104.76000213623048,105.02999877929688,105.02999877929688,866100.0,-0.0174930095405969,-0.0176478202926294,1.9300003051757528,37.21900396207037,VLTO
2025-09-10,105.0,106.0500030517578,104.81999969482422,106.01000213623048,106.01000213623048,924500.0,0.0093306994984634,0.0092874374239621,1.2300033569335795,38.0952470436135,VLTO
2025-09-11,106.4800033569336,109.27999877929688,106.4800033569336,109.0999984741211,109.0999984741211,1188900.0,0.0291481584343309,0.0287314294167443,2.799995422363281,52.124062210135925,VLTO
2025-09-12,109.4499969482422,109.86000061035156,108.49500274658205,109.02999877929688,109.02999877929688,1253200.0,-0.0006416104106621,-0.0006418163307066,1.364997863769517,49.57804967687764,VLTO
2025-09-15,109.13999938964844,109.5250015258789,107.75,107.8000030517578,107.8000030517578,1592600.0,-0.0112812596653227,-0.0113453757379226,1.7750015258789062,52.416361727339655,VLTO
2025-09-16,107.5999984741211,108.0500030517578,106.0009994506836,106.54000091552734,106.54000091552734,1651700.0,-0.0116883311740305,-0.0117571767022114,2.0490036010742045,48.05726152170736,VLTO
2025-09-17,106.9800033569336,108.58999633789062,106.26000213623048,106.73999786376952,106.73999786376952,2808400.0,0.0018772005493106,0.0018754408102706,2.329994201660142,47.84392588469109,VLTO
2025-09-18,107.61000061035156,107.95999908447266,106.77999877929688,107.05999755859376,107.05999755859376,1490800.0,0.0029979361179364,0.0029934512687446,1.1800003051757812,51.9914568130614,VLTO
2025-09-19,107.58999633789062,108.0,106.41999816894533,106.9000015258789,106.9000015258789,3165200.0,-0.0014944520489764,-0.0014955698562515,1.5800018310546733,52.552118213415824,VLTO
2025-09-22,106.62999725341795,107.06500244140624,105.69499969482422,105.81999969482422,105.81999969482422,1353100.0,-0.0101029168909154,-0.0101542977128184,1.370002746582017,51.9176176772277,VLTO
2025-09-23,105.8000030517578,106.2300033569336,104.66999816894533,105.38999938964844,105.38999938964844,879100.0,-0.0040635069591369,-0.0040717854375876,1.560005187988267,51.11888041000272,VLTO
2025-09-24,104.98999786376952,105.69000244140624,104.33999633789062,105.62999725341795,105.62999725341795,1548300.0,0.0022772356500562,0.0022746466786735,1.3500061035156108,46.272092120433015,VLTO
2025-09-25,106.0,106.6500015258789,104.05999755859376,104.48999786376952,104.48999786376952,1127600.0,-0.0107923830284066,-0.0108510432314917,2.590003967285142,45.39969183217161,VLTO
