Date,Open,High,Low,Raw_Close,Adj_Close,Volume
,VLTO,VLTO,VLTO,,VLTO,VLTO
2023-10-04,76.66999816894531,80.62000274658203,76.3499984741211,77.80000305175781,77.24678039550781,8358300
2023-10-05,76.0,76.98999786376953,72.6500015258789,74.44999694824219,73.92058563232422,15351900
2023-10-06,73.04000091552734,78.47000122070312,73.04000091552734,77.9800033569336,77.42549133300781,7781100
2023-10-09,76.6500015258789,78.0,73.73400115966797,74.61000061035156,74.07945251464844,7000900
2023-10-10,73.95999908447266,75.51000213623047,72.5,75.0,74.46668243408203,5385600
2023-10-11,74.44000244140625,76.55999755859375,73.61000061035156,74.47000122070312,73.94046020507812,4602500
2023-10-12,73.75,75.30000305175781,72.75,74.2300033569336,73.7021713256836,4668700
2023-10-13,73.62999725341797,73.98999786376953,70.47000122070312,71.8499984741211,71.3390884399414,5286500
2023-10-16,71.62000274658203,74.83999633789062,71.62000274658203,74.20999908447266,73.68230438232422,4555000
2023-10-17,73.12999725341797,75.125,73.01000213623047,74.4800033569336,73.95038604736328,2584900
2023-10-18,73.5,73.93099975585938,72.27100372314453,72.44999694824219,71.93482208251953,2959800
2023-10-19,71.81999969482422,72.73999786376953,69.94999694824219,70.29000091552734,69.79017639160156,2867400
2023-10-20,70.4000015258789,70.77999877929688,68.9000015258789,69.93000030517578,69.43273162841797,3151500
2023-10-23,69.30000305175781,72.47000122070312,67.6500015258789,71.9000015258789,71.38873291015625,4089800
2023-10-24,72.29000091552734,73.70999908447266,71.79000091552734,72.01000213623047,71.49794006347656,3432200
2023-10-25,71.30000305175781,72.33499908447266,69.77999877929688,70.79000091552734,70.28662109375,3298200
2023-10-26,66.33000183105469,72.2300033569336,65.51000213623047,70.0,69.50223541259766,3537100
2023-10-27,68.63999938964844,69.44000244140625,67.75,67.98999786376953,67.50653839111328,3412000
2023-10-30,68.4800033569336,69.33000183105469,67.41999816894531,68.36000061035156,67.8739013671875,3393700
2023-10-31,68.91999816894531,69.7300033569336,67.6500015258789,69.0,68.50935363769531,3370700
2023-11-01,68.16000366210938,69.19000244140625,67.47000122070312,67.51000213623047,67.02993774414062,2503500
2023-11-02,68.0,70.54000091552734,66.69000244140625,70.27999877929688,69.78023529052734,2848700
2023-11-03,70.47000122070312,71.08999633789062,69.05999755859375,70.80000305175781,70.29655456542969,2225900
2023-11-06,70.05000305175781,70.06999969482422,68.08000183105469,68.26000213623047,67.77461242675781,2855000
2023-11-07,67.75,70.25,67.36000061035156,70.06999969482422,69.57173919677734,2133600
2023-11-08,69.80000305175781,70.31999969482422,69.55000305175781,69.80000305175781,69.30365753173828,2053800
2023-11-09,69.08999633789062,70.31999969482422,69.08999633789062,69.62999725341797,69.1348648071289,2020500
2023-11-10,69.30999755859375,70.77999877929688,69.13999938964844,70.55000305175781,70.04833984375,1645300
2023-11-13,70.27999877929688,73.19999694824219,70.18000030517578,72.9800033569336,72.46105194091797,2964300
2023-11-14,73.8499984741211,74.0999984741211,73.01000213623047,73.62999725341797,73.10641479492188,2814500
2023-11-15,73.47000122070312,74.63999938964844,73.01000213623047,73.91000366210938,73.38443756103516,3437100
2023-11-16,72.73999786376953,73.05999755859375,70.58000183105469,70.87999725341797,70.3759765625,2446600
2023-11-17,70.9000015258789,71.37000274658203,70.05999755859375,70.98999786376953,70.4852066040039,1500400
2023-11-20,71.0,71.3499984741211,70.58000183105469,70.76000213623047,70.25684356689453,1814300
2023-11-21,70.80000305175781,72.80000305175781,70.47000122070312,72.30999755859375,71.79581451416016,1767600
2023-11-22,72.80000305175781,73.83000183105469,72.33999633789062,72.94000244140625,72.42134094238281,1906300
2023-11-24,72.66000366210938,74.12999725341797,72.2300033569336,74.01000213623047,73.48372650146484,823400
2023-11-27,73.81999969482422,73.98999786376953,73.0,73.5,72.97735595703125,1649900
2023-11-28,72.92500305175781,74.53900146484375,72.8499984741211,73.31999969482422,72.79862976074219,2062100
2023-11-29,73.4000015258789,75.25,73.23999786376953,74.22000122070312,73.6922378540039,2519200
2023-11-30,74.69999694824219,77.62000274658203,74.69999694824219,77.25,76.70068359375,8454100
2023-12-01,77.16999816894531,77.16999816894531,75.97000122070312,76.51000213623047,75.9659423828125,2039400
2023-12-04,75.97000122070312,76.91999816894531,75.48999786376953,75.77999877929688,75.24114227294922,1625800
2023-12-05,75.4000015258789,76.13999938964844,75.21900177001953,75.55000305175781,75.01277923583984,1411400
2023-12-06,75.55000305175781,76.48999786376953,75.0199966430664,75.83000183105469,75.29078674316406,2001200
2023-12-07,75.80000305175781,76.29000091552734,74.62000274658203,74.62999725341797,74.09931182861328,1296000
2023-12-08,74.5999984741211,75.6449966430664,74.2699966430664,75.43000030517578,74.89363098144531,1131300
2023-12-11,75.0,77.36000061035156,74.6500015258789,76.81999969482422,76.27375030517578,1649000
2023-12-12,76.37000274658203,77.87999725341797,75.77999877929688,77.44999694824219,76.8992691040039,2329300
2023-12-13,77.16999816894531,78.7040023803711,76.30000305175781,77.73999786376953,77.18719482421875,3854100
2023-12-14,78.51000213623047,79.72000122070312,77.62999725341797,79.33000183105469,78.76589965820312,3231000
2023-12-15,78.87000274658203,79.93000030517578,78.02999877929688,78.8499984741211,78.289306640625,6727600
2023-12-18,79.19000244140625,80.91999816894531,78.43000030517578,80.83999633789062,80.26515197753906,1955000
2023-12-19,81.5999984741211,83.62000274658203,80.98999786376953,83.44000244140625,82.84667205810547,2902900
2023-12-20,83.55000305175781,83.88500213623047,80.62000274658203,80.63999938964844,80.06658935546875,1704100
2023-12-21,81.31999969482422,81.9800033569336,79.80999755859375,81.12000274658203,80.54317474365234,919300
2023-12-22,80.63999938964844,81.79000091552734,80.02999877929688,81.63999938964844,81.05947875976562,712700
2023-12-26,81.69999694824219,82.33499908447266,81.38999938964844,82.12999725341797,81.54598236083984,700200
2023-12-27,82.13999938964844,83.5,81.9800033569336,83.22000122070312,82.62823486328125,1018100
2023-12-28,83.0,83.44000244140625,82.2699966430664,83.04000091552734,82.53878784179688,799300
2023-12-29,82.83999633789062,83.36000061035156,81.86000061035156,82.26000213623047,81.76349639892578,675000
2024-01-02,81.0999984741211,82.0,79.94999694824219,81.0199966430664,80.53096771240234,1129600
2024-01-03,80.5999984741211,80.9000015258789,77.75,78.05000305175781,77.57889556884766,1198300
2024-01-04,77.44999694824219,78.27999877929688,76.56999969482422,76.61000061035156,76.14759063720703,1388500
2024-01-05,76.61000061035156,77.63999938964844,76.25,76.9000015258789,76.43583679199219,1899300
2024-01-08,76.47000122070312,77.83999633789062,76.47000122070312,77.51000213623047,77.04216766357422,1555800
2024-01-09,77.5,77.57499694824219,76.72000122070312,76.73999786376953,76.27679443359375,2100300
2024-01-10,76.4000015258789,76.7300033569336,74.99500274658203,76.43000030517578,75.96868133544922,1625000
2024-01-11,76.4000015258789,76.58999633789062,74.95999908447266,76.08000183105469,75.62078857421875,1020100
2024-01-12,76.20999908447266,76.41999816894531,75.0,75.76000213623047,75.30272674560547,1066100
2024-01-16,74.36000061035156,75.27999877929688,73.91000366210938,74.55000305175781,74.10002136230469,1342700
2024-01-17,74.47000122070312,75.9800033569336,74.2699966430664,75.87999725341797,75.4219970703125,1469100
2024-01-18,75.83999633789062,76.58000183105469,75.02999877929688,76.01000213623047,75.55120849609375,1253400
2024-01-19,75.87000274658203,77.68000030517578,75.87000274658203,77.55000305175781,77.08191680908203,1280800
2024-01-22,77.66000366210938,79.76000213623047,77.5,79.69000244140625,79.2090072631836,1496100
2024-01-23,80.5,80.5,78.86000061035156,78.88999938964844,78.41383361816406,1202800
2024-01-24,79.5,79.5,76.22000122070312,76.26000213623047,75.79969787597656,1338600
2024-01-25,76.44999694824219,76.94000244140625,75.98999786376953,76.69999694824219,76.23703002929688,1081000
2024-01-26,77.06999969482422,78.0999984741211,76.44000244140625,76.98999786376953,76.5252914428711,997600
2024-01-29,76.62999725341797,77.95999908447266,76.05999755859375,77.9000015258789,77.42980194091797,1044100
2024-01-30,77.73999786376953,78.37000274658203,76.82499694824219,78.33000183105469,77.85721588134766,1199100
2024-01-31,78.33000183105469,78.5999984741211,76.61000061035156,76.69000244140625,76.22710418701172,2405800
2024-02-01,76.75,77.12999725341797,75.16999816894531,76.79000091552734,76.32649993896484,1508000
2024-02-02,76.69000244140625,77.12999725341797,75.33999633789062,76.83999633789062,76.37619018554688,1069200
2024-02-05,76.06999969482422,76.61000061035156,75.48999786376953,75.7699966430664,75.31266021728516,1323400
2024-02-06,75.20999908447266,77.72000122070312,75.05000305175781,77.62000274658203,77.15149688720703,1552900
2024-02-07,80.23999786376953,82.95999908447266,79.4280014038086,81.16000366210938,80.67012786865234,2520300
2024-02-08,81.7300033569336,83.88999938964844,81.5,82.55999755859375,82.06167602539062,2085600
2024-02-09,82.56999969482422,83.55000305175781,81.98999786376953,82.12999725341797,81.63426208496094,1319500
2024-02-12,82.52999877929688,83.79000091552734,82.04000091552734,83.5,82.99600219726562,1681800
2024-02-13,81.91999816894531,83.77999877929688,81.22599792480469,82.19000244140625,81.69391632080078,1068900
2024-02-14,83.04000091552734,84.45500183105469,82.9000015258789,84.22000122070312,83.71165466308594,1414000
2024-02-15,84.69999694824219,87.02999877929688,84.31500244140625,86.58999633789062,86.06735229492188,1767700
2024-02-16,86.41999816894531,86.69999694824219,85.80000305175781,86.08999633789062,85.57035827636719,1486200
2024-02-20,85.1500015258789,86.13999938964844,85.01000213623047,85.7699966430664,85.25230407714844,1534400
2024-02-21,84.16000366210938,85.54000091552734,83.33999633789062,85.36000061035156,84.84477233886719,869100
2024-02-22,86.04000091552734,86.58499908447266,85.69999694824219,85.94000244140625,85.42127227783203,1006600
2024-02-23,86.41000366210938,87.40499877929688,86.36000061035156,86.70999908447266,86.18663024902344,1152700
2024-02-26,86.77999877929688,87.44000244140625,86.16000366210938,86.30999755859375,85.78904724121094,893800
2024-02-27,87.58000183105469,87.87000274658203,86.78500366210938,87.79000091552734,87.2601089477539,1836600
2024-02-28,87.58999633789062,88.80999755859375,86.8499984741211,87.56999969482422,87.04143524169922,1064500
2024-02-29,87.9000015258789,87.9000015258789,86.01100158691406,86.41999816894531,85.89836883544922,2953400
2024-03-01,85.69999694824219,87.04000091552734,85.69999694824219,86.76000213623047,86.236328125,816800
2024-03-04,87.2300033569336,88.44499969482422,86.88999938964844,87.73999786376953,87.21040344238281,1522800
2024-03-05,87.37000274658203,88.79000091552734,86.83000183105469,88.5,87.96581268310547,1683500
2024-03-06,88.81999969482422,89.62000274658203,88.08000183105469,88.87000274658203,88.3335952758789,1298400
2024-03-07,89.2699966430664,90.55000305175781,89.19000244140625,89.31999969482422,88.78086853027344,934500
2024-03-08,89.44999694824219,90.51000213623047,88.87999725341797,89.26000213623047,88.72123718261719,698900
2024-03-11,88.87000274658203,89.16999816894531,87.33000183105469,88.76000213623047,88.22425079345703,1085500
2024-03-12,89.33999633789062,89.56300354003906,88.4000015258789,88.43000030517578,87.89624786376953,1316800
2024-03-13,88.4000015258789,89.6050033569336,87.88999938964844,89.0999984741211,88.56219482421875,1281100
2024-03-14,88.93000030517578,89.13999938964844,87.66000366210938,88.2300033569336,87.69745635986328,1124700
2024-03-15,87.01000213623047,88.2699966430664,85.9000015258789,86.5,85.97789764404297,5058400
2024-03-18,87.45999908447266,87.68499755859375,86.71499633789062,87.02999877929688,86.50469970703125,2674800
2024-03-19,87.31999969482422,87.7300033569336,87.0,87.44000244140625,86.91222381591797,1697500
2024-03-20,87.37999725341797,88.62000274658203,87.2979965209961,88.12000274658203,87.5881118774414,1736100
2024-03-21,89.1500015258789,90.3499984741211,88.43199920654297,89.9000015258789,89.35736846923828,1733500
2024-03-22,90.69000244140625,90.69000244140625,88.95500183105469,89.45999908447266,88.92003631591797,1495400
2024-03-25,89.30000305175781,90.0,88.9000015258789,89.4000015258789,88.86038970947266,1350800
2024-03-26,89.55000305175781,90.19000244140625,89.1500015258789,89.26000213623047,88.72123718261719,1518800
2024-03-27,89.55000305175781,90.62999725341797,88.73999786376953,89.73999786376953,89.28836059570312,1395700
2024-03-28,89.76000213623047,89.8499984741211,88.62999725341797,88.66000366210938,88.21379852294922,1546500
2024-04-01,88.58999633789062,88.66000366210938,87.30999755859375,87.54000091552734,87.09944152832031,1172600
2024-04-02,87.30999755859375,87.30999755859375,86.55000305175781,86.58000183105469,86.1442642211914,1424200
2024-04-03,86.44999694824219,87.79000091552734,85.91000366210938,87.25,86.81089782714844,3038000
2024-04-04,88.12000274658203,88.12000274658203,86.5999984741211,86.69000244140625,86.25372314453125,1543300
2024-04-05,86.95999908447266,87.58000183105469,86.58999633789062,87.08999633789062,86.65169525146484,1993800
2024-04-08,87.44999694824219,88.13999938964844,87.05000305175781,87.66999816894531,87.2287826538086,923800
2024-04-09,88.01000213623047,89.68000030517578,87.58000183105469,89.19999694824219,88.7510757446289,1215100
2024-04-10,87.7300033569336,88.58999633789062,87.33000183105469,88.19999694824219,87.75611114501953,1142500
2024-04-11,88.29000091552734,88.94000244140625,86.25,87.41000366210938,86.9700927734375,1241000
2024-04-12,86.63999938964844,87.76000213623047,86.04000091552734,87.37000274658203,86.93030548095703,1299000
2024-04-15,88.47000122070312,90.7699966430664,88.47000122070312,89.86000061035156,89.40776062011719,2158300
2024-04-16,89.66999816894531,91.37000274658203,89.47000122070312,90.88999938964844,90.43257141113281,2097700
2024-04-17,91.58000183105469,92.1500015258789,90.0989990234375,90.55000305175781,90.09429168701172,2265100
2024-04-18,90.55000305175781,90.6500015258789,88.41999816894531,88.80000305175781,88.35310363769531,2378100
2024-04-19,88.83000183105469,89.6500015258789,88.41000366210938,88.88999938964844,88.44264221191406,5196800
2024-04-22,89.13999938964844,91.47000122070312,88.12999725341797,91.2300033569336,90.77086639404297,1995500
2024-04-23,91.77999877929688,93.84500122070312,91.4000015258789,93.72000122070312,93.24832916259766,2554700
2024-04-24,93.44000244140625,95.4000015258789,88.73999786376953,92.4000015258789,91.93497467041016,3370000
2024-04-25,92.63999938964844,94.11000061035156,90.86000061035156,93.79000091552734,93.31798553466797,1921400
2024-04-26,93.55999755859375,94.33999633789062,92.6050033569336,94.12000274658203,93.64632415771484,1151400
2024-04-29,94.1500015258789,95.55999755859375,94.0199966430664,94.88999938964844,94.41244506835938,1869000
2024-04-30,94.52999877929688,95.44000244140625,93.5999984741211,93.68000030517578,93.20852661132812,1287900
2024-05-01,93.63999938964844,95.20999908447266,93.44999694824219,94.37999725341797,93.9050064086914,1091900
2024-05-02,94.4000015258789,95.0,93.11000061035156,93.8499984741211,93.37767791748047,1265900
2024-05-03,94.80999755859375,96.12999725341797,94.5199966430664,95.88999938964844,95.40741729736328,939900
2024-05-06,96.9000015258789,97.23999786376953,96.0199966430664,96.98999786376953,96.50187683105469,632600
2024-05-07,97.04000091552734,97.38999938964844,96.13999938964844,97.2699966430664,96.78046417236328,1240900
2024-05-08,96.69000244140625,96.9000015258789,96.27999877929688,96.7300033569336,96.2431869506836,1039000
2024-05-09,96.69000244140625,97.45999908447266,95.87999725341797,95.94000244140625,95.45716094970703,1860600
2024-05-10,96.37000274658203,96.81999969482422,95.47000122070312,96.5,96.01434326171875,1521600
2024-05-13,96.70999908447266,96.70999908447266,95.70500183105469,95.87000274658203,95.38752746582031,1273800
2024-05-14,96.16999816894531,97.2300033569336,95.23500061035156,96.94000244140625,96.45213317871094,1310900
2024-05-15,97.75,99.37000274658203,97.73999786376953,98.9000015258789,98.40226745605469,1425500
2024-05-16,98.68000030517578,99.19999694824219,98.41000366210938,98.44999694824219,97.95452117919922,1261200
2024-05-17,98.30000305175781,98.94000244140625,97.41999816894531,98.5999984741211,98.10377502441406,1319400
2024-05-20,98.73999786376953,99.79000091552734,97.33999633789062,98.62000274658203,98.1236801147461,1278000
2024-05-21,98.62000274658203,99.75,98.1500015258789,99.52999877929688,99.02908325195312,882100
2024-05-22,99.54000091552734,100.91999816894531,99.51000213623047,100.76000213623047,100.25289916992188,1207400
2024-05-23,100.87999725341797,101.05000305175781,99.81500244140625,99.86000061035156,99.35743713378906,1175400
2024-05-24,100.0999984741211,102.30999755859375,99.79499816894531,102.19000244140625,101.67570495605469,1867300
2024-05-28,102.01000213623047,102.58000183105469,100.29000091552734,100.66999816894531,100.1633529663086,2062300
2024-05-29,99.79000091552734,100.95999908447266,98.44999694824219,98.54000091552734,98.04407501220703,1613500
2024-05-30,98.80999755859375,99.52999877929688,97.98999786376953,99.2300033569336,98.73059844970703,1786100
2024-05-31,99.45999908447266,100.44499969482422,98.06500244140625,98.58000183105469,98.08387756347656,6836500
2024-06-03,100.8499984741211,101.20999908447266,97.31999969482422,98.91999816894531,98.42216491699219,1350100
2024-06-04,98.5199966430664,100.47000122070312,98.41999816894531,100.44000244140625,99.93450927734375,1233000
2024-06-05,100.56999969482422,100.98999786376953,99.61100006103516,100.80000305175781,100.2927017211914,762000
2024-06-06,100.91000366210938,101.70999908447266,98.73200225830078,99.30999755859375,98.8102035522461,1119700
2024-06-07,98.69499969482422,100.0199966430664,98.30999755859375,99.22000122070312,98.72065734863281,1062000
2024-06-10,98.87999725341797,100.02999877929688,98.34500122070312,99.8499984741211,99.34748840332031,943800
2024-06-11,99.44000244140625,100.19999694824219,98.2699966430664,100.19000244140625,99.68578338623047,798200
2024-06-12,101.0,101.45999908447266,99.61000061035156,101.12999725341797,100.62104034423828,833400
2024-06-13,100.73999786376953,101.1500015258789,99.62000274658203,101.01000213623047,100.50164794921875,708900
2024-06-14,100.36000061035156,100.98999786376953,99.51000213623047,100.75,100.24295043945312,918100
2024-06-17,100.05000305175781,101.4000015258789,99.7249984741211,100.56999969482422,100.06385803222656,925200
2024-06-18,100.5999984741211,101.61000061035156,100.29000091552734,101.22000122070312,100.71058654785156,999300
2024-06-20,100.43000030517578,101.0999984741211,99.55999755859375,100.27999877929688,99.77531433105469,1734400
2024-06-21,100.0,100.06999969482422,98.20999908447266,98.87000274658203,98.3724136352539,3259700
2024-06-24,99.45999908447266,100.7300033569336,98.91999816894531,99.75,99.24798583984375,1377500
2024-06-25,99.55000305175781,100.2699966430664,98.58999633789062,98.94999694824219,98.45201110839844,1040100
2024-06-26,98.41999816894531,98.86000061035156,98.19999694824219,98.37999725341797,97.88488006591797,1441300
2024-06-27,98.7699966430664,98.84500122070312,97.27999877929688,97.61000061035156,97.11875915527344,1353600
2024-06-28,97.87000274658203,98.04900360107422,95.45999908447266,95.47000122070312,95.07719421386719,9333700
2024-07-01,96.0199966430664,96.29000091552734,94.91999816894531,95.44999694824219,95.0572738647461,1486900
2024-07-02,95.0999984741211,95.58000183105469,93.7699966430664,94.3499984741211,93.9617919921875,2085400
2024-07-03,94.72000122070312,95.87999725341797,94.63999938964844,95.33000183105469,94.93777465820312,1198600
2024-07-05,94.48999786376953,95.7750015258789,94.0,95.5999984741211,95.20664978027344,933100
2024-07-08,96.1500015258789,96.1500015258789,95.2300033569336,95.9000015258789,95.50541687011719,1204800
2024-07-09,96.05999755859375,96.37999725341797,95.43000030517578,95.69999694824219,95.30624389648438,838200
2024-07-10,95.70999908447266,96.2300033569336,95.20999908447266,95.80999755859375,95.4157943725586,1132400
2024-07-11,96.01000213623047,98.0999984741211,95.83000183105469,97.0999984741211,96.70048522949219,1976800
2024-07-12,98.16000366210938,99.62999725341797,98.01000213623047,98.76000213623047,98.3536605834961,1052600
2024-07-15,99.0,99.3550033569336,97.93199920654297,98.01000213623047,97.60674285888672,1088600
2024-07-16,98.5,99.88999938964844,98.5,99.19999694824219,98.79183959960938,1111700
2024-07-17,99.5,99.81500244140625,97.51000213623047,98.04000091552734,97.63661193847656,1527500
2024-07-18,98.5,99.36499786376953,98.18000030517578,98.62999725341797,98.22418212890625,849500
2024-07-19,98.80000305175781,99.26000213623047,98.26000213623047,98.45999908447266,98.05489349365234,1011400
2024-07-22,98.94000244140625,99.76000213623047,98.0999984741211,99.52999877929688,99.12047576904297,930700
2024-07-23,98.91000366210938,100.87000274658203,98.875,100.44000244140625,100.0267333984375,971600
2024-07-24,100.31999969482422,100.79000091552734,98.96399688720703,99.30000305175781,98.89143371582031,1364100
2024-07-25,99.02999877929688,101.58999633789062,98.91999816894531,99.61000061035156,99.20015716552734,1687400
2024-07-26,104.0,107.86000061035156,104.0,104.87000274658203,104.43851470947266,3164700
2024-07-29,106.08000183105469,106.89800262451172,104.94000244140625,105.0999984741211,104.66756439208984,2195500
2024-07-30,105.16999816894531,107.5,105.16999816894531,107.05999755859375,106.61949920654297,1702100
2024-07-31,107.23999786376953,107.76599884033203,106.1500015258789,106.55999755859375,106.1215591430664,1486100
2024-08-01,106.72000122070312,107.33999633789062,105.71499633789062,106.69999694824219,106.260986328125,1531200
2024-08-02,105.86000061035156,106.48999786376953,103.05000305175781,104.83999633789062,104.40863037109375,1698800
2024-08-05,102.55999755859375,103.75,101.61000061035156,101.98999786376953,101.57036590576172,1773500
2024-08-06,102.33999633789062,105.02999877929688,101.76000213623047,104.12000274658203,103.69160461425781,1612900
2024-08-07,105.12000274658203,106.5999984741211,103.96099853515625,104.2300033569336,103.80113983154297,1183700
2024-08-08,104.54000091552734,107.33000183105469,103.72000122070312,107.23999786376953,106.79875946044922,1173600
2024-08-09,106.76000213623047,107.08999633789062,105.65499877929688,106.0999984741211,105.6634521484375,1466900
2024-08-12,105.9000015258789,107.45500183105469,105.45999908447266,106.48999786376953,106.05184173583984,781900
2024-08-13,106.80000305175781,108.47000122070312,106.45999908447266,108.08999633789062,107.64525604248047,1061800
2024-08-14,108.06999969482422,108.88500213623047,107.88999938964844,108.51000213623047,108.06353759765625,771600
2024-08-15,109.51000213623047,109.5199966430664,108.30000305175781,108.97000122070312,108.52164459228516,1029700
2024-08-16,108.91999816894531,109.26000213623047,108.18599700927734,108.72000122070312,108.27266693115234,942800
2024-08-19,109.23999786376953,109.7750015258789,108.98999786376953,109.58000183105469,109.1291275024414,1113400
2024-08-20,109.58000183105469,109.9000015258789,109.2300033569336,109.4000015258789,108.94988250732422,927900
2024-08-21,110.0,110.13999938964844,109.33999633789062,109.81999969482422,109.3681411743164,1103600
2024-08-22,110.16999816894531,111.3499984741211,109.94000244140625,110.83000183105469,110.37399291992188,1223300
2024-08-23,111.5,112.1500015258789,111.01399993896484,111.77999877929688,111.32008361816406,874100
2024-08-26,112.0,112.22000122070312,110.87999725341797,111.02999877929688,110.57316589355469,947600
2024-08-27,110.93000030517578,111.41000366210938,110.44000244140625,111.1500015258789,110.69268035888672,978500
2024-08-28,111.66000366210938,111.69000244140625,110.9800033569336,111.26000213623047,110.8022232055664,1279100
2024-08-29,111.75,112.7699966430664,111.26000213623047,111.80999755859375,111.34996032714844,1375600
2024-08-30,111.9800033569336,112.66000366210938,111.125,112.43000030517578,111.9674072265625,2254600
2024-09-03,111.0999984741211,112.22000122070312,109.62000274658203,110.26000213623047,109.80633544921875,1369900
2024-09-04,110.1500015258789,111.5999984741211,110.1500015258789,110.8499984741211,110.39390563964844,1108700
2024-09-05,110.19999694824219,110.73999786376953,109.30000305175781,109.8499984741211,109.39802551269531,1148300
2024-09-06,109.58999633789062,110.76000213623047,108.08000183105469,108.72000122070312,108.27266693115234,2043500
2024-09-09,110.12000274658203,110.19999694824219,109.19000244140625,109.48999786376953,109.03950500488281,2033600
2024-09-10,109.83999633789062,110.12000274658203,109.13999938964844,109.72000122070312,109.2685546875,1312400
2024-09-11,109.31999969482422,109.86000061035156,107.62000274658203,108.94999694824219,108.50172424316406,1307100
2024-09-12,108.83999633789062,109.58999633789062,108.44000244140625,109.30000305175781,108.85028839111328,1409400
2024-09-13,110.0,110.7699966430664,109.30000305175781,110.0199966430664,109.56732177734375,1163100
2024-09-16,110.52999877929688,111.57499694824219,109.76000213623047,109.95999908447266,109.507568359375,1494100
2024-09-17,111.0199966430664,111.48999786376953,108.83999633789062,108.94000244140625,108.49176025390625,1123300
2024-09-18,109.05000305175781,109.57499694824219,107.45999908447266,108.08999633789062,107.64525604248047,1749600
2024-09-19,109.45999908447266,109.5999984741211,108.51300048828125,109.47000122070312,109.01959228515625,1487200
2024-09-20,109.33999633789062,109.76300048828125,108.55000305175781,109.47000122070312,109.01959228515625,8340500
2024-09-23,110.31999969482422,111.19000244140625,109.2229995727539,110.25,109.79638671875,2085800
2024-09-24,109.62999725341797,111.87999725341797,109.3499984741211,111.4000015258789,110.94164276123047,1340200
2024-09-25,111.8499984741211,111.8499984741211,110.68000030517578,111.04000091552734,110.58312225341797,1452000
2024-09-26,111.4000015258789,112.27999877929688,110.82599639892578,111.27999877929688,110.82213592529297,1134100
2024-09-27,111.33999633789062,111.87999725341797,109.55999755859375,110.30000305175781,109.93508911132812,1834400
2024-09-30,110.1500015258789,112.0199966430664,109.38800048828125,111.86000061035156,111.48992156982422,1523400
2024-10-01,112.55000305175781,112.61499786376953,109.25499725341797,110.02999877929688,109.66597747802734,1805900
2024-10-02,109.80000305175781,111.52999877929688,109.61499786376953,111.27999877929688,110.91183471679688,1143100
2024-10-03,111.13999938964844,111.5999984741211,110.45099639892578,111.30999755859375,110.94174194335938,1149200
2024-10-04,111.9000015258789,112.29000091552734,110.83999633789062,112.0199966430664,111.6493911743164,952200
2024-10-07,110.93000030517578,111.77999877929688,110.77999877929688,111.12000274658203,110.75237274169922,1516600
2024-10-08,111.88999938964844,112.55500030517578,111.16000366210938,112.18000030517578,111.8088607788086,1497800
2024-10-09,112.75,113.5,112.11000061035156,112.94000244140625,112.56635284423828,988200
2024-10-10,112.94000244140625,113.29000091552734,111.56500244140625,111.8499984741211,111.4799575805664,773500
2024-10-11,112.16999816894531,114.18000030517578,112.12999725341797,113.12999725341797,112.7557144165039,1365600
2024-10-14,113.4800033569336,113.9800033569336,113.19000244140625,113.29000091552734,112.9151840209961,971900
2024-10-15,113.9000015258789,114.61000061035156,112.80000305175781,112.87999725341797,112.50654602050781,1030300
2024-10-16,113.08999633789062,113.83000183105469,112.4000015258789,112.5199966430664,112.14773559570312,961200
2024-10-17,112.91000366210938,113.40499877929688,112.08999633789062,113.02999877929688,112.65604400634766,1190500
2024-10-18,113.08999633789062,113.69000244140625,112.08000183105469,113.5999984741211,113.22416687011719,3872200
2024-10-21,112.87000274658203,113.69000244140625,112.33799743652344,113.06999969482422,112.69591522216797,960700
2024-10-22,112.16000366210938,112.5199966430664,111.26000213623047,111.79000091552734,111.42015838623047,875600
2024-10-23,111.91000366210938,113.06999969482422,110.2239990234375,110.93000030517578,110.56300354003906,1426400
2024-10-24,114.55000305175781,115.0,105.62999725341797,105.79000091552734,105.44000244140625,2922200
2024-10-25,106.4000015258789,106.9800033569336,103.67400360107422,104.05000305175781,103.70576477050781,1538000
2024-10-28,104.72000122070312,105.16999816894531,103.93499755859375,104.0,103.65592956542969,1298500
2024-10-29,103.5999984741211,103.79000091552734,102.52999877929688,103.48999786376953,103.14761352539062,1472500
2024-10-30,103.18000030517578,103.98999786376953,102.58000183105469,103.23999786376953,102.8984375,1106100
2024-10-31,103.0,103.63999938964844,102.16999816894531,102.19000244140625,101.85191345214844,1117500
2024-11-01,102.91000366210938,103.19000244140625,101.18000030517578,101.58999633789062,101.25389862060547,1117800
2024-11-04,102.06999969482422,102.77999877929688,101.72000122070312,102.43000030517578,102.09112548828125,960900
2024-11-05,103.9800033569336,105.69999694824219,102.98500061035156,103.61000061035156,103.26721954345703,1228100
2024-11-06,105.69999694824219,105.77999877929688,101.88999938964844,102.98999786376953,102.64926147460938,1879200
2024-11-07,103.01000213623047,104.6050033569336,102.99500274658203,104.30000305175781,103.95494079589844,1406500
2024-11-08,104.87000274658203,106.37000274658203,104.5999984741211,105.55000305175781,105.20079803466797,1208400
2024-11-11,105.93000030517578,106.0,104.05000305175781,104.38999938964844,104.04463195800781,1076200
2024-11-12,104.9800033569336,105.83999633789062,103.6500015258789,103.75,103.40675354003906,867700
2024-11-13,103.05999755859375,105.30999755859375,102.9800033569336,104.83999633789062,104.4931411743164,1103900
2024-11-14,104.1500015258789,104.94999694824219,101.91500091552734,103.11000061035156,102.76887512207031,1320100
2024-11-15,102.44999694824219,102.97000122070312,102.0999984741211,102.68000030517578,102.34029388427734,1135600
2024-11-18,102.31999969482422,103.19999694824219,102.19000244140625,102.83999633789062,102.49976348876953,1158900
2024-11-19,102.2699966430664,104.27999877929688,102.23999786376953,103.9800033569336,103.63600158691406,1531200
2024-11-20,104.4800033569336,105.22000122070312,103.25499725341797,105.11000061035156,104.76225280761719,1374300
2024-11-21,104.88999938964844,106.41999816894531,103.87999725341797,106.01000213623047,105.6592788696289,1317000
2024-11-22,106.16000366210938,107.44000244140625,105.50499725341797,106.41000366210938,106.0579605102539,1748600
2024-11-25,106.7300033569336,108.55999755859375,106.41000366210938,108.4800033569336,108.12110137939453,4014700
2024-11-26,108.77999877929688,108.95899963378906,107.93000030517578,107.95999908447266,107.60282897949219,1369000
2024-11-27,108.16000366210938,108.7699966430664,107.8499984741211,107.97000122070312,107.61279296875,675100
2024-11-29,108.05999755859375,108.54499816894531,107.76000213623047,108.19000244140625,107.83206176757812,586300
2024-12-02,108.0,108.0,105.58000183105469,106.62999725341797,106.2772216796875,1060900
2024-12-03,106.6500015258789,107.7300033569336,105.48999786376953,107.27999877929688,106.92507934570312,1053500
2024-12-04,107.16000366210938,107.94999694824219,106.91999816894531,107.5199966430664,107.1642837524414,1085300
2024-12-05,106.93000030517578,107.33999633789062,105.08999633789062,105.29000091552734,104.94165802001953,1075100
2024-12-06,105.61000061035156,106.68000030517578,105.25,106.52999877929688,106.17755889892578,1003400
2024-12-09,107.02999877929688,107.1500015258789,105.37999725341797,106.75,106.3968276977539,1050900
2024-12-10,106.52999877929688,107.16000366210938,104.76000213623047,106.38999938964844,106.03801727294922,716400
2024-12-11,106.69000244140625,107.25,104.81999969482422,105.3499984741211,105.00145721435547,1183000
2024-12-12,105.0,106.55999755859375,104.55999755859375,105.79000091552734,105.44000244140625,859400
2024-12-13,105.51000213623047,105.76000213623047,104.19999694824219,104.22000122070312,103.87519836425781,756300
2024-12-16,104.56999969482422,105.94000244140625,103.94000244140625,104.2300033569336,103.88516235351562,1247200
2024-12-17,103.69000244140625,104.47000122070312,102.5999984741211,103.45999908447266,103.11771392822266,2706400
2024-12-18,103.4800033569336,103.73999786376953,101.16000366210938,101.2300033569336,100.89509582519531,2211700
2024-12-19,101.05999755859375,102.5199966430664,100.0,101.33000183105469,100.99476623535156,1738600
2024-12-20,101.36000061035156,104.54000091552734,101.30000305175781,104.25,103.90509796142578,4807300
2024-12-23,103.0999984741211,103.98999786376953,102.19999694824219,102.88999938964844,102.54960632324219,949100
2024-12-24,102.8499984741211,103.48999786376953,102.33000183105469,103.48999786376953,103.14761352539062,277500
2024-12-26,102.86000061035156,104.08000183105469,102.75,103.87000274658203,103.52635955810547,580100
2024-12-27,102.9000015258789,103.66999816894531,102.44000244140625,103.12000274658203,102.77883911132812,608800
2024-12-30,102.36000061035156,102.5,101.09100341796875,102.01000213623047,101.67251586914062,528600
2024-12-31,102.18000030517578,102.55000305175781,101.33899688720703,101.8499984741211,101.62261962890625,644000
2025-01-02,102.55000305175781,102.55000305175781,100.1500015258789,100.58999633789062,100.36543273925781,1315200
2025-01-03,100.29000091552734,101.19499969482422,99.80000305175781,100.80000305175781,100.57496643066406,903000
2025-01-06,100.69000244140625,101.41000366210938,99.98999786376953,101.16999816894531,100.94413757324219,1180400
2025-01-07,101.01000213623047,101.95899963378906,100.31999969482422,101.6500015258789,101.4230728149414,1313500
2025-01-08,101.6500015258789,102.05000305175781,100.19999694824219,102.0,101.77228546142578,1034900
2025-01-10,100.88999938964844,101.21600341796875,99.83000183105469,100.0999984741211,99.87651824951172,1272100
2025-01-13,100.12000274658203,101.36000061035156,99.7699966430664,101.13999938964844,100.91419982910156,1370200
2025-01-14,100.81999969482422,102.48999786376953,100.4800033569336,102.37000274658203,102.14146423339844,996100
2025-01-15,104.19999694824219,104.77999877929688,102.33999633789062,102.55000305175781,102.32106018066406,1718100
2025-01-16,102.70999908447266,104.45999908447266,102.0199966430664,104.05000305175781,103.81771087646484,1369700
2025-01-17,104.25,104.43499755859375,102.9000015258789,102.94000244140625,102.71018981933594,1372700
2025-01-21,102.80999755859375,103.55000305175781,102.05999755859375,103.08999633789062,102.85984802246094,1761300
2025-01-22,103.16000366210938,103.42500305175781,102.43000030517578,102.70999908447266,102.48070526123047,1190400
2025-01-23,102.75,103.69000244140625,102.0999984741211,103.2699966430664,103.0394515991211,1680100
2025-01-24,102.86000061035156,103.11000061035156,101.30999755859375,101.75,101.52284240722656,1441500
2025-01-27,101.94000244140625,103.37999725341797,101.76000213623047,103.27999877929688,103.04942321777344,2060300
2025-01-28,103.31999969482422,104.4800033569336,102.5999984741211,103.44999694824219,103.21904754638672,1265900
2025-01-29,103.38999938964844,104.0,102.62999725341797,102.8499984741211,102.62039184570312,891700
2025-01-30,103.62999725341797,104.4000015258789,102.98999786376953,103.8499984741211,103.61815643310547,881500
2025-01-31,103.66999816894531,104.69999694824219,103.3499984741211,103.38999938964844,103.15918731689453,994900
2025-02-03,102.0199966430664,102.58999633789062,100.48999786376953,101.16999816894531,100.94413757324219,1484400
2025-02-04,102.19999694824219,103.37999725341797,100.80000305175781,100.9800033569336,100.75456237792969,2065500
2025-02-05,100.69000244140625,102.0,95.5199966430664,95.80999755859375,95.59610748291016,2627800
2025-02-06,96.01000213623047,98.48999786376953,95.62999725341797,98.44000244140625,98.2202377319336,2281000
2025-02-07,98.33000183105469,99.2300033569336,96.69000244140625,98.80999755859375,98.58940124511719,2183000
2025-02-10,99.26000213623047,100.37999725341797,98.48999786376953,99.77999877929688,99.55724334716797,1461500
2025-02-11,99.5999984741211,100.12000274658203,98.27999877929688,99.80999755859375,99.58717346191406,938500
2025-02-12,98.80999755859375,100.51000213623047,98.5,100.05999755859375,99.83660888671875,1205900
2025-02-13,100.2699966430664,100.55000305175781,98.55000305175781,99.75,99.52730560302734,1576400
2025-02-14,99.98999786376953,99.98999786376953,97.9800033569336,97.98999786376953,97.77123260498047,974500
2025-02-18,97.9000015258789,98.37999725341797,96.98999786376953,97.9000015258789,97.68144226074219,2388300
2025-02-19,97.66999816894531,98.12000274658203,96.81999969482422,97.68000030517578,97.46192932128906,1195600
2025-02-20,97.41000366210938,97.91999816894531,96.6500015258789,97.72000122070312,97.50184631347656,1114800
2025-02-21,97.33000183105469,98.33000183105469,96.5999984741211,98.1500015258789,97.93087768554688,2816500
2025-02-24,98.5999984741211,100.27999877929688,97.94300079345703,100.06999969482422,99.84659576416016,1592900
2025-02-25,100.62000274658203,102.25,99.4000015258789,100.6500015258789,100.42530059814453,1990600
2025-02-26,101.1500015258789,101.45999908447266,99.38999938964844,99.72000122070312,99.49738311767578,1237700
2025-02-27,99.38999938964844,100.75,98.98999786376953,99.16000366210938,98.93862915039062,847800
2025-02-28,99.55000305175781,100.4800033569336,98.94999694824219,99.76000213623047,99.53729248046875,1947800
2025-03-03,99.80999755859375,101.43499755859375,98.9800033569336,99.87000274658203,99.64704132080078,1009600
2025-03-04,99.44999694824219,100.76000213623047,98.75299835205078,98.87999725341797,98.65924835205078,1281500
2025-03-05,98.0,99.61000061035156,97.64199829101562,98.62000274658203,98.39983367919922,1427100
2025-03-06,98.2300033569336,98.55999755859375,97.1500015258789,97.94999694824219,97.7313232421875,1175100
2025-03-07,97.58000183105469,100.2699966430664,97.30000305175781,100.12000274658203,99.896484375,1444800
2025-03-10,99.76000213623047,102.44000244140625,99.01000213623047,100.33000183105469,100.10601806640625,1437300
2025-03-11,100.58999633789062,100.58999633789062,96.91999816894531,96.98999786376953,96.77346801757812,2197400
2025-03-12,97.26000213623047,97.7699966430664,95.36000061035156,95.43000030517578,95.21695709228516,1373900
2025-03-13,94.9800033569336,95.87000274658203,94.3499984741211,95.7300033569336,95.51628875732422,1368100
2025-03-14,96.77999877929688,98.31999969482422,96.11399841308594,97.94999694824219,97.7313232421875,2056800
2025-03-17,97.68000030517578,99.13999938964844,97.41000366210938,98.44999694824219,98.23020935058594,1189300
2025-03-18,98.18000030517578,98.5199966430664,97.33000183105469,98.36000061035156,98.14041137695312,1315800
2025-03-19,98.44999694824219,99.75,98.3270034790039,99.26000213623047,99.03840637207031,1021200
2025-03-20,99.12000274658203,99.27999877929688,97.95999908447266,98.13999938964844,97.92090606689453,1061800
2025-03-21,97.43000030517578,97.79499816894531,96.02999877929688,97.7699966430664,97.55171966552734,2879700
2025-03-24,98.55999755859375,99.77999877929688,97.94999694824219,98.26000213623047,98.04064178466797,1094000
2025-03-25,98.62999725341797,98.83000183105469,96.83999633789062,97.75,97.53176879882812,1201900
2025-03-26,98.01000213623047,99.05000305175781,97.37000274658203,97.7300033569336,97.5118179321289,1489900
2025-03-27,98.0199966430664,98.67500305175781,97.16000366210938,97.88999938964844,97.67145538330078,947700
2025-03-28,97.69999694824219,98.2300033569336,95.93000030517578,96.04000091552734,95.82559204101562,834900
2025-03-31,95.91000366210938,98.08000183105469,95.5,97.44999694824219,97.34393310546875,2346400
2025-04-01,97.05000305175781,98.0999984741211,96.76000213623047,97.62000274658203,97.51375579833984,1380100
2025-04-02,97.13999938964844,98.77999877929688,96.43000030517578,98.68000030517578,98.57260131835938,790900
2025-04-03,97.1500015258789,98.13999938964844,93.7300033569336,93.9000015258789,93.79780578613281,1780500
2025-04-04,92.81999969482422,92.81999969482422,88.68000030517578,88.81999969482422,88.72332763671875,2531500
2025-04-07,87.81999969482422,89.97000122070312,84.0,87.11000061035156,87.01519012451172,2395200
2025-04-08,89.55999755859375,90.0,84.23999786376953,85.31999969482422,85.22714233398438,2034200
2025-04-09,84.87999725341797,91.80000305175781,83.86499786376953,91.12999725341797,91.03081512451172,2080600
2025-04-10,89.93000030517578,90.53500366210938,86.55999755859375,88.69999694824219,88.60345458984375,1722700
2025-04-11,88.7300033569336,90.55000305175781,87.56999969482422,89.62000274658203,89.5224609375,2132300
2025-04-14,90.52999877929688,91.30000305175781,89.88999938964844,90.68000030517578,90.58130645751953,1235500
2025-04-15,90.30000305175781,91.12000274658203,89.98999786376953,90.05999755859375,89.96197509765625,1212900
2025-04-16,89.94000244140625,90.7249984741211,88.9000015258789,89.33000183105469,89.23278045654297,1493700
2025-04-17,89.93000030517578,90.37000274658203,89.2300033569336,89.54000091552734,89.44255065917969,1691500
2025-04-21,88.45999908447266,88.80000305175781,86.33000183105469,87.19999694824219,87.10508728027344,1571200
2025-04-22,88.12999725341797,89.68000030517578,87.3499984741211,89.18000030517578,89.08293914794922,1478800
2025-04-23,90.55999755859375,92.04000091552734,89.79199981689453,90.55000305175781,90.45144653320312,1672800
2025-04-24,90.44999694824219,91.95500183105469,90.0,91.73999786376953,91.64015197753906,1455600
2025-04-25,91.16999816894531,92.44999694824219,90.5199966430664,92.30999755859375,92.20952606201172,1418300
2025-04-28,92.58999633789062,93.0,90.9800033569336,92.06999969482422,91.96979522705078,1172200
2025-04-29,91.91999816894531,93.2300033569336,91.58999633789062,93.08999633789062,92.98867797851562,1922700
2025-04-30,91.75,96.06999969482422,88.2699966430664,95.9000015258789,95.79562377929688,3141100
2025-05-01,96.29499816894531,96.88999938964844,93.53600311279297,94.20999908447266,94.10746002197266,1421200
2025-05-02,95.23999786376953,95.98999786376953,94.5999984741211,95.52999877929688,95.426025390625,1207600
2025-05-05,95.16000366210938,96.16999816894531,94.61499786376953,95.69000244140625,95.58585357666016,1262100
2025-05-06,95.18000030517578,96.44999694824219,94.87999725341797,95.36000061035156,95.25621032714844,1157300
2025-05-07,96.72000122070312,98.04000091552734,95.48999786376953,96.08999633789062,95.98541259765625,1500500
2025-05-08,96.72000122070312,98.41000366210938,96.1500015258789,97.27999877929688,97.17411804199219,1145800
2025-05-09,97.30000305175781,98.20999908447266,96.83999633789062,97.05999755859375,96.95436096191406,1427900
2025-05-12,98.86000061035156,100.44999694824219,97.98999786376953,100.33000183105469,100.2208023071289,1329700
2025-05-13,100.44999694824219,100.95999908447266,99.44000244140625,100.25,100.1408920288086,1456200
2025-05-14,100.25,100.3499984741211,99.0999984741211,99.45999908447266,99.35174560546875,1482200
2025-05-15,99.54000091552734,101.01000213623047,99.0780029296875,100.93000030517578,100.82015228271484,970400
2025-05-16,100.98999786376953,101.76000213623047,100.39700317382812,101.69999694824219,101.58930969238281,691600
2025-05-19,101.22000122070312,102.55000305175781,101.0250015258789,102.19000244140625,102.07878112792969,832200
2025-05-20,102.04000091552734,102.66000366210938,101.66999816894531,102.0199966430664,101.9089584350586,1020600
2025-05-21,101.41999816894531,101.88999938964844,100.05999755859375,100.48999786376953,100.38062286376953,1063400
2025-05-22,100.0999984741211,101.33000183105469,99.8499984741211,100.9800033569336,100.87010192871094,1096000
2025-05-23,99.94999694824219,100.9000015258789,99.4000015258789,100.45999908447266,100.35066223144531,1065200
2025-05-27,101.45999908447266,101.65499877929688,100.19000244140625,101.48999786376953,101.3795394897461,1387000
2025-05-28,101.4000015258789,101.6500015258789,100.55500030517578,100.76000213623047,100.65033721923828,882200
2025-05-29,101.1500015258789,101.2750015258789,100.0999984741211,101.23999786376953,101.12980651855469,1037600
2025-05-30,101.66999816894531,101.72000122070312,100.30000305175781,101.02999877929688,100.92003631591797,3079300
2025-06-02,100.55000305175781,100.91500091552734,99.5,100.27999877929688,100.17085266113281,1100800
2025-06-03,99.88999938964844,100.68000030517578,99.62999725341797,100.36000061035156,100.25077056884766,775600
2025-06-04,100.4000015258789,100.4000015258789,98.91000366210938,98.91999816894531,98.81233215332031,980500
2025-06-05,99.48999786376953,100.06999969482422,98.62999725341797,99.66999816894531,99.56151580810547,866900
2025-06-06,100.3499984741211,100.69000244140625,99.625,100.2699966430664,100.1608657836914,487000
2025-06-09,100.5,100.5,99.31999969482422,99.72000122070312,99.61146545410156,693300
2025-06-10,100.0,100.37100219726562,99.30000305175781,99.95999908447266,99.85120391845703,600900
2025-06-11,99.87000274658203,99.97000122070312,98.02999877929688,98.20999908447266,98.10311126708984,884800
2025-06-12,98.01000213623047,98.75,97.44499969482422,98.75,98.64252471923828,1240600
2025-06-13,98.01000213623047,98.86000061035156,97.05500030517578,97.31999969482422,97.21408081054688,825500
2025-06-16,97.80999755859375,98.19999694824219,96.94999694824219,97.77999877929688,97.67357635498047,841100
2025-06-17,97.61000061035156,98.22000122070312,96.98999786376953,97.44000244140625,97.33395385742188,1031100
2025-06-18,97.29000091552734,97.91999816894531,96.8499984741211,97.02999877929688,96.92439270019531,806100
2025-06-20,97.3499984741211,98.0,96.58000183105469,96.7300033569336,96.62472534179688,3237100
2025-06-23,96.70999908447266,98.62000274658203,96.45999908447266,98.44999694824219,98.34284210205078,1556700
2025-06-24,98.79000091552734,100.41999816894531,98.44000244140625,100.30999755859375,100.20082092285156,1490300
2025-06-25,100.0,100.61000061035156,99.41000366210938,100.16999816894531,100.06097412109375,1342200
2025-06-26,100.12999725341797,101.83499908447266,99.93000030517578,101.12000274658203,101.00994873046875,1469800
2025-06-27,101.48999786376953,101.91000366210938,100.83000183105469,101.06999969482422,100.95999908447266,2287500
2025-06-30,101.13999938964844,101.7699966430664,100.3949966430664,100.94999694824219,100.94999694824219,1543000
2025-07-01,100.66000366210938,103.18000030517578,100.3949966430664,102.5999984741211,102.5999984741211,1055900
2025-07-02,102.5,103.43000030517578,101.90499877929688,102.83000183105469,102.83000183105469,910300
2025-07-03,103.7300033569336,103.93000030517578,102.26000213623047,103.75,103.75,478700
2025-07-07,103.66999816894531,104.05000305175781,102.12899780273438,102.72000122070312,102.72000122070312,714800
2025-07-08,102.16000366210938,104.02999877929688,101.97000122070312,102.33000183105469,102.33000183105469,933200
2025-07-09,102.5199966430664,102.55000305175781,101.55999755859375,102.37000274658203,102.37000274658203,833100
2025-07-10,102.22000122070312,104.08000183105469,102.03500366210938,103.12999725341797,103.12999725341797,1147800
2025-07-11,102.75,102.75,101.5199966430664,101.93000030517578,101.93000030517578,734600
2025-07-14,101.7300033569336,102.44499969482422,101.31800079345703,102.19999694824219,102.19999694824219,849200
2025-07-15,102.05999755859375,102.52999877929688,100.91999816894531,100.94999694824219,100.94999694824219,895500
2025-07-16,100.97000122070312,101.0,99.56999969482422,100.51000213623047,100.51000213623047,1256500
2025-07-17,100.47000122070312,103.0999984741211,100.19999694824219,102.9800033569336,102.9800033569336,1155400
2025-07-18,102.8499984741211,103.56999969482422,102.31500244140625,103.33999633789062,103.33999633789062,1863900
2025-07-21,103.4000015258789,103.86000061035156,102.05999755859375,102.11000061035156,102.11000061035156,1708000
2025-07-22,102.2300033569336,103.2300033569336,101.5,102.54000091552734,102.54000091552734,895700
2025-07-23,102.4800033569336,103.0,101.19000244140625,101.80999755859375,101.80999755859375,1432500
2025-07-24,101.98999786376953,103.38999938964844,101.10299682617188,103.2699966430664,103.2699966430664,1450800
2025-07-25,103.41999816894531,103.64700317382812,102.75,103.27999877929688,103.27999877929688,1019400
2025-07-28,102.51000213623047,103.61000061035156,101.79000091552734,103.0999984741211,103.0999984741211,2086400
2025-07-29,105.0,106.30000305175781,102.2300033569336,105.02999877929688,105.02999877929688,2225100
2025-07-30,106.63999938964844,107.0,104.75,105.77999877929688,105.77999877929688,2071400
2025-07-31,104.98999786376953,106.8550033569336,104.51000213623047,104.83000183105469,104.83000183105469,1963500
2025-08-01,104.45999908447266,104.83000183105469,103.38999938964844,104.75,104.75,1297900
2025-08-04,104.87000274658203,107.05999755859375,104.43000030517578,106.94999694824219,106.94999694824219,1083000
2025-08-05,106.93000030517578,107.4000015258789,106.25,106.55999755859375,106.55999755859375,1324100
2025-08-06,106.80000305175781,107.73999786376953,105.95999908447266,107.4800033569336,107.4800033569336,1081800
2025-08-07,108.29000091552734,108.51000213623047,107.0199966430664,107.54000091552734,107.54000091552734,802000
2025-08-08,107.55999755859375,108.19000244140625,107.43000030517578,107.69999694824219,107.69999694824219,523000
2025-08-11,107.81999969482422,108.44000244140625,107.08000183105469,107.13999938964844,107.13999938964844,1203300
2025-08-12,107.4800033569336,108.94000244140625,107.01000213623047,108.80999755859375,108.80999755859375,1074200
2025-08-13,109.01000213623047,109.80999755859375,107.0999984741211,109.75,109.75,1211200
2025-08-14,109.29000091552734,109.29000091552734,107.37000274658203,107.66999816894531,107.66999816894531,957200
2025-08-15,107.79000091552734,107.87000274658203,107.04000091552734,107.2699966430664,107.2699966430664,1130100
2025-08-18,107.5,108.26000213623047,106.61000061035156,106.69000244140625,106.69000244140625,998800
2025-08-19,106.9000015258789,108.37999725341797,106.68000030517578,108.0999984741211,108.0999984741211,977100
2025-08-20,108.5,109.23999786376953,108.19999694824219,108.91000366210938,108.91000366210938,1264100
2025-08-21,108.62000274658203,109.02999877929688,108.05000305175781,108.47000122070312,108.47000122070312,646600
2025-08-22,109.0,110.11000061035156,108.45999908447266,109.1500015258789,109.1500015258789,1108500
2025-08-25,108.94999694824219,109.30000305175781,107.0,107.1500015258789,107.1500015258789,556100
2025-08-26,107.05999755859375,107.68000030517578,106.58999633789062,107.11000061035156,107.11000061035156,1167900
2025-08-27,107.16999816894531,107.81999969482422,106.80999755859375,107.37000274658203,107.37000274658203,597100
2025-08-28,107.37999725341797,107.41999816894531,106.1500015258789,106.5,106.5,523100
2025-08-29,106.37000274658203,106.80000305175781,105.93000030517578,106.19000244140625,106.19000244140625,716500
2025-09-02,105.66000366210938,105.97000122070312,104.38999938964844,105.27999877929688,105.27999877929688,887700
2025-09-03,104.77999877929688,105.54000091552734,104.0,105.06999969482422,105.06999969482422,1030300
2025-09-04,105.56999969482422,106.5999984741211,104.87999725341797,106.5999984741211,106.5999984741211,1088500
2025-09-05,106.77999877929688,107.0199966430664,105.45999908447266,105.70999908447266,105.70999908447266,965200
2025-09-08,105.70999908447266,106.94999694824219,105.01000213623047,106.9000015258789,106.9000015258789,910300
2025-09-09,106.47000122070312,106.69000244140625,104.76000213623047,105.02999877929688,105.02999877929688,866100
2025-09-10,105.0,106.05000305175781,104.81999969482422,106.01000213623047,106.01000213623047,924500
2025-09-11,106.4800033569336,109.27999877929688,106.4800033569336,109.0999984741211,109.0999984741211,1188900
2025-09-12,109.44999694824219,109.86000061035156,108.49500274658203,109.02999877929688,109.02999877929688,1253200
2025-09-15,109.13999938964844,109.5250015258789,107.75,107.80000305175781,107.80000305175781,1592600
2025-09-16,107.5999984741211,108.05000305175781,106.0009994506836,106.54000091552734,106.54000091552734,1651700
2025-09-17,106.9800033569336,108.58999633789062,106.26000213623047,106.73999786376953,106.73999786376953,2808400
2025-09-18,107.61000061035156,107.95999908447266,106.77999877929688,107.05999755859375,107.05999755859375,1490800
2025-09-19,107.58999633789062,108.0,106.41999816894531,106.9000015258789,106.9000015258789,3165200
2025-09-22,106.62999725341797,107.06500244140625,105.69499969482422,105.81999969482422,105.81999969482422,1353100
2025-09-23,105.80000305175781,106.2300033569336,104.66999816894531,105.38999938964844,105.38999938964844,879100
2025-09-24,104.98999786376953,105.69000244140625,104.33999633789062,105.62999725341797,105.62999725341797,1548300
2025-09-25,106.0,106.6500015258789,104.05999755859375,104.48999786376953,104.48999786376953,1127600
